Name,HoF,WAR,WAR7,JAWS,Yrs,From,To,ASG,G,PA,AB,R,H,2B,3B,HR,RBI,SB,CS,BB,SO,BA,OBP,SLG,OPS,OPS+
Ivan Rodriguez,1,68.7,39.8,54.3,21,1991,2011,14,2543,10270,9592,1354,2844,572,51,311,1332,127,64,513,1474,0.296,0.334,0.464,0.798,106
Jorge Posada,0,42.8,32.7,37.7,17,1995,2011,5,1829,7150,6092,900,1664,379,10,275,1065,20,21,936,1453,0.273,0.374,0.474,0.848,121
Jason Varitek,0,24.2,18.8,21.5,15,1997,2011,3,1546,5839,5099,664,1307,306,14,193,757,25,18,614,1216,0.256,0.341,0.435,0.776,99
Jason Kendall,0,41.7,30.4,36,15,1996,2010,3,2085,8702,7627,1030,2195,394,35,75,744,189,89,721,686,0.288,0.366,0.378,0.744,95
Brad Ausmus,0,16.5,15.1,15.8,18,1993,2010,1,1971,7102,6279,718,1579,270,34,80,607,102,53,634,1034,0.251,0.325,0.344,0.669,75
Paul Lo Duca,0,17.9,18.7,18.3,11,1998,2008,4,1082,4302,3892,483,1112,222,8,80,481,20,19,266,295,0.286,0.337,0.409,0.746,97
Mike Piazza,1,59.6,43.1,51.4,16,1992,2007,12,1912,7745,6911,1048,2127,344,8,427,1335,17,20,759,1113,0.308,0.377,0.545,0.922,142
Sandy Alomar,0,13.7,13.1,13.4,20,1988,2007,6,1377,4865,4530,520,1236,249,10,112,588,25,24,212,499,0.273,0.309,0.406,0.716,86
Javy Lopez,0,29.7,24.9,27.3,15,1992,2006,3,1503,5793,5319,674,1527,267,19,260,864,8,19,357,969,0.287,0.337,0.491,0.828,112
Benito Santiago,0,27.3,18.5,22.9,20,1986,2005,5,1978,7516,6951,755,1830,323,41,217,920,91,69,430,1270,0.263,0.307,0.415,0.722,93
Charles Johnson,0,22.6,20.4,21.5,12,1994,2005,2,1188,4386,3836,465,940,211,4,167,570,6,10,475,997,0.245,0.33,0.433,0.762,97
Terry Steinbach,0,28,21.6,24.8,14,1986,1999,3,1546,5905,5369,638,1453,273,21,162,745,23,22,418,938,0.271,0.326,0.42,0.746,102
Mickey Tettleton,0,29.4,24.7,27.1,14,1984,1997,2,1485,5745,4698,711,1132,210,16,245,732,23,29,949,1307,0.241,0.369,0.449,0.818,122
Tony Pena,0,24.7,24.7,24.7,18,1980,1997,5,1988,7073,6489,667,1687,298,27,107,708,80,63,455,846,0.26,0.309,0.364,0.673,84
Darren Daulton,0,23,23.7,23.3,14,1983,1997,3,1161,4340,3630,511,891,197,25,137,588,50,10,629,726,0.245,0.357,0.427,0.784,114
Lance Parrish,0,39.5,28.4,34,19,1977,1995,8,1988,7797,7067,856,1782,305,27,324,1070,28,37,612,1527,0.252,0.313,0.44,0.753,106
Carlton Fisk,1,68.5,37.6,53,24,1969,1993,11,2499,9853,8756,1276,2356,421,47,376,1330,128,58,849,1386,0.269,0.341,0.457,0.797,117
Gary Carter,1,70.1,48.4,59.3,19,1974,1992,11,2296,9019,7971,1025,2092,371,31,324,1225,39,42,848,997,0.262,0.335,0.439,0.773,115
Rick Dempsey,0,25.1,17.2,21.2,24,1969,1992,0,1765,5407,4692,525,1093,223,12,96,471,20,19,592,736,0.233,0.319,0.347,0.666,87
Terry Kennedy,0,21.6,19.4,20.5,14,1978,1991,4,1491,5421,4979,474,1313,244,12,113,628,6,15,365,855,0.264,0.314,0.386,0.699,96
Bob Boone,0,27.4,20.4,23.9,19,1972,1990,4,2264,8148,7245,679,1838,303,26,105,826,38,50,663,608,0.254,0.315,0.346,0.661,82
Jim Sundberg,0,40.5,28.7,34.6,16,1974,1989,3,1962,6899,6021,621,1493,243,36,95,624,20,37,699,963,0.248,0.327,0.348,0.674,90
Ted Simmons,0,50.3,34.8,42.6,21,1968,1988,8,2456,9685,8680,1074,2472,483,47,248,1389,21,33,855,694,0.285,0.348,0.437,0.785,118
Darrell Porter,0,40.9,29.1,35,17,1971,1987,4,1782,6570,5539,765,1369,237,48,188,826,39,37,905,1025,0.247,0.354,0.409,0.763,113
Steve Yeager,0,17.9,14.8,16.4,15,1972,1986,0,1269,4015,3584,357,816,118,16,102,410,14,18,342,726,0.228,0.298,0.355,0.653,83
John Wathan,0,5,7.6,6.3,10,1976,1985,0,860,2764,2505,305,656,90,25,21,261,105,36,199,265,0.262,0.318,0.343,0.661,83
John Stearns,0,19.7,19.4,19.6,11,1974,1984,4,810,3083,2681,334,696,152,10,46,312,91,51,323,294,0.26,0.341,0.375,0.717,102
Johnny Bench,1,75.2,47.2,61.2,17,1967,1983,14,2158,8674,7658,1091,2048,381,24,389,1376,68,43,891,1278,0.267,0.342,0.476,0.817,126
Gene Tenace,0,46.8,35,40.9,15,1969,1983,1,1555,5527,4390,653,1060,179,20,201,674,36,42,984,998,0.241,0.388,0.429,0.817,136
Joe Ferguson,0,21,19.6,20.3,14,1970,1983,0,1013,3624,3001,407,719,121,11,122,445,22,12,562,607,0.24,0.358,0.409,0.767,116
Jerry Grote,0,15.1,14.2,14.7,16,1963,1981,2,1421,4844,4339,352,1092,160,22,39,404,15,23,399,600,0.252,0.316,0.326,0.642,83
Manny Sanguillen,0,27.5,26.4,27,13,1967,1980,3,1448,5383,5062,566,1500,205,57,65,585,35,38,223,331,0.296,0.326,0.398,0.724,102
Tim McCarver,0,28.3,21.4,24.9,21,1959,1980,2,1909,6206,5529,590,1501,242,57,97,645,61,49,548,422,0.271,0.337,0.388,0.725,102
Thurman Munson,0,46.1,37,41.6,11,1969,1979,7,1423,5905,5344,696,1558,229,32,113,701,48,50,438,571,0.292,0.346,0.41,0.756,116
Randy Hundley,0,11.6,13.4,12.5,14,1964,1977,1,1061,3801,3442,311,813,118,13,82,381,12,17,271,565,0.236,0.292,0.35,0.642,77
Bill Freehan,0,44.8,33.7,39.3,15,1961,1976,11,1774,6900,6073,706,1591,241,35,200,758,24,21,626,753,0.262,0.34,0.412,0.752,112
Johnny Edwards,0,14.8,15.1,14.9,14,1961,1974,3,1470,5132,4577,430,1106,202,32,81,524,15,23,465,635,0.242,0.311,0.353,0.664,85
Duke Sims,0,12.8,12.5,12.7,11,1964,1974,0,843,2810,2422,263,580,80,6,100,310,6,16,338,483,0.239,0.34,0.401,0.741,111
Chris Cannizzaro,0,6.3,6.5,6.4,13,1960,1974,1,740,2240,1950,132,458,66,12,18,169,3,17,241,354,0.235,0.319,0.309,0.628,78
Paul Casanova,0,1.3,4.3,2.8,10,1965,1974,1,859,2929,2786,214,627,87,12,50,252,2,10,101,430,0.225,0.252,0.319,0.571,65
Bob Barton,0,1.7,3.3,2.5,10,1965,1974,0,393,1153,1049,54,237,31,3,9,66,3,6,87,168,0.226,0.287,0.287,0.574,65
Jerry May,0,5.3,6,5.6,10,1964,1973,0,556,1716,1527,120,357,63,10,15,130,1,2,157,293,0.234,0.307,0.318,0.625,81
Elston Howard,0,27,26.4,26.7,14,1955,1968,12,1605,5845,5363,619,1471,218,50,167,762,9,14,373,786,0.274,0.322,0.427,0.749,108
Smoky Burgess,0,33.3,23,28.1,18,1949,1967,9,1691,5013,4471,485,1318,230,33,126,673,13,14,477,270,0.295,0.362,0.446,0.807,116
Del Crandall,0,28.6,24.6,26.6,16,1949,1966,11,1573,5583,5026,585,1276,179,18,179,657,26,31,424,477,0.254,0.312,0.404,0.716,96
Yogi Berra,1,59.4,37,48.2,19,1946,1965,18,2120,8359,7555,1175,2150,321,49,358,1430,30,26,704,414,0.285,0.348,0.482,0.83,125
Clint Courtney,0,7.2,8.4,7.8,11,1951,1961,0,946,3146,2796,260,750,126,17,38,313,3,16,264,143,0.268,0.339,0.366,0.705,94
Del Rice,0,5.1,6.2,5.7,17,1945,1961,1,1309,4313,3826,342,908,177,20,79,441,2,3,382,522,0.237,0.312,0.356,0.668,78
Jim Hegan,0,3.7,5.6,4.6,17,1941,1960,5,1666,5321,4772,550,1087,187,46,92,525,15,24,456,742,0.228,0.295,0.344,0.639,74
Roy Campanella,1,34.1,32.8,33.5,10,1948,1957,8,1215,4815,4205,627,1161,178,18,242,856,25,20,533,501,0.276,0.36,0.5,0.86,123
Walker Cooper,0,28.9,22.9,25.9,18,1940,1957,8,1473,5076,4702,573,1341,240,40,173,812,18,11,309,357,0.285,0.332,0.464,0.796,116
Ernie Lombardi,0,45.9,27.8,36.9,17,1931,1947,8,1853,6352,5855,601,1792,277,27,190,990,8,4,430,262,0.306,0.358,0.46,0.818,126
Al Lopez,0,16.6,11.7,14.2,19,1928,1947,2,1950,6608,5916,613,1547,206,43,51,652,46,9,556,538,0.261,0.326,0.337,0.663,83
Jim Thome,1,72.9,41.5,57.2,22,1991,2012,5,2543,10313,8422,1583,2328,451,26,612,1699,19,20,1747,2548,0.276,0.402,0.554,0.956,147
Aubrey Huff,0,20.4,22.6,21.5,13,2000,2012,0,1681,6786,6104,806,1699,360,24,242,904,37,25,571,907,0.278,0.342,0.464,0.806,114
Derrek Lee,0,34.6,27.3,30.9,15,1997,2011,2,1942,7963,6962,1081,1959,432,30,331,1078,104,48,874,1622,0.281,0.365,0.495,0.859,122
Mike Sweeney,0,24.8,21.8,23.3,16,1995,2010,5,1454,5848,5188,759,1540,325,5,215,909,53,25,522,613,0.297,0.366,0.486,0.851,118
Carlos Delgado,0,44.4,34.5,39.5,17,1993,2009,2,2035,8657,7283,1241,2038,483,18,473,1512,14,8,1109,1745,0.28,0.383,0.546,0.929,138
Tony Clark,0,12.4,15.9,14.1,15,1995,2009,1,1559,5120,4532,629,1188,233,11,251,824,6,9,527,1209,0.262,0.339,0.485,0.824,112
Frank Thomas,1,73.9,45.4,59.6,19,1990,2008,5,2322,10075,8199,1494,2468,495,12,521,1704,32,23,1667,1397,0.301,0.419,0.555,0.974,156
Richie Sexson,0,18,18.9,18.5,12,1997,2008,2,1367,5604,4928,748,1286,260,17,306,943,14,13,588,1313,0.261,0.344,0.507,0.851,120
Sean Casey,0,16.5,16.4,16.4,12,1997,2008,3,1405,5644,5066,690,1531,322,12,130,735,18,8,477,577,0.302,0.367,0.447,0.814,109
J.T. Snow,0,11,12.8,11.9,16,1992,2008,0,1716,6553,5641,798,1509,293,19,189,877,20,23,760,1142,0.268,0.357,0.427,0.784,105
Ryan Klesko,0,27,21.8,24.4,16,1992,2007,1,1736,6523,5611,874,1564,343,33,278,987,91,41,817,1077,0.279,0.37,0.5,0.87,128
Jeff Bagwell,1,79.9,48.3,64.1,15,1991,2005,4,2150,9431,7797,1517,2314,488,32,449,1529,202,78,1401,1558,0.297,0.408,0.54,0.948,149
Rafael Palmeiro,0,71.9,38.9,55.4,20,1986,2005,4,2831,12046,10472,1663,3020,585,38,569,1835,97,40,1353,1348,0.288,0.371,0.515,0.885,132
John Olerud,0,58.2,39,48.6,17,1989,2005,2,2234,9063,7592,1139,2239,500,13,255,1230,11,14,1275,1016,0.295,0.398,0.465,0.863,129
Tino Martinez,0,29,21.8,25.4,16,1990,2005,2,2023,8044,7111,1009,1925,365,21,339,1271,27,20,780,1069,0.271,0.344,0.471,0.815,112
Andres Galarraga,0,31.7,26.4,29.1,19,1985,2004,5,2257,8916,8096,1195,2333,444,32,399,1425,128,81,583,2003,0.288,0.347,0.499,0.846,119
David Segui,0,10.4,13.7,12.1,15,1990,2004,0,1456,5451,4847,683,1412,284,16,139,684,17,19,524,687,0.291,0.359,0.443,0.802,110
Eric Karros,0,10.4,13.6,12,14,1991,2004,0,1755,7100,6441,797,1724,324,11,284,1027,59,30,552,1167,0.268,0.325,0.454,0.779,107
Mark Grace,0,46.4,29.7,38,16,1988,2003,3,2245,9290,8065,1179,2445,511,45,173,1146,70,48,1075,642,0.303,0.383,0.442,0.825,119
Mo Vaughn,0,27.2,27.1,27.1,12,1991,2003,3,1512,6410,5532,861,1620,270,10,328,1064,30,18,725,1429,0.293,0.383,0.523,0.906,132
Mark McGwire,0,62.2,41.9,52,16,1986,2001,12,1874,7660,6187,1167,1626,252,6,583,1414,12,8,1317,1596,0.263,0.394,0.588,0.982,163
Wally Joyner,0,35.8,23.6,29.7,16,1986,2001,1,2033,8115,7127,973,2060,409,26,204,1106,60,39,833,825,0.289,0.362,0.44,0.802,117
Will Clark,0,56.5,36.1,46.3,15,1986,2000,6,1976,8283,7173,1186,2176,440,47,284,1205,67,48,937,1190,0.303,0.384,0.497,0.88,137
Gregg Jefferies,0,19.6,16.2,17.9,14,1987,2000,2,1465,6072,5520,761,1593,300,27,126,663,196,63,472,348,0.289,0.344,0.421,0.765,107
Hal Morris,0,13.4,13.5,13.4,13,1988,2000,0,1246,4443,3998,535,1216,246,21,76,513,45,24,356,548,0.304,0.361,0.433,0.794,111
Cecil Fielder,0,17.2,17.4,17.3,13,1985,1998,3,1470,5939,5157,744,1313,200,7,319,1008,2,6,693,1316,0.255,0.345,0.482,0.827,119
Eddie Murray,1,68.7,39.1,53.9,21,1977,1997,8,3026,12817,11336,1627,3255,560,35,504,1917,110,43,1333,1516,0.287,0.359,0.476,0.836,129
Don Mattingly,0,42.4,35.7,39.1,14,1982,1995,6,1785,7722,7003,1007,2153,442,20,222,1099,14,9,588,444,0.307,0.358,0.471,0.83,127
John Kruk,0,25.1,22.8,23.9,10,1986,1995,3,1200,4603,3897,582,1170,199,34,100,592,58,31,649,701,0.3,0.397,0.446,0.842,134
Kent Hrbek,0,38.6,27.5,33.1,14,1981,1994,1,1747,7137,6192,903,1749,312,18,293,1086,37,26,838,798,0.282,0.367,0.481,0.848,128
Keith Hernandez,0,60.4,41.3,50.8,17,1974,1990,5,2088,8553,7370,1124,2182,426,60,162,1071,98,63,1070,1012,0.296,0.384,0.436,0.821,128
Bill Buckner,0,15.1,16.4,15.8,22,1969,1990,1,2517,10037,9397,1077,2715,498,49,174,1208,183,73,450,453,0.289,0.321,0.408,0.729,100
Chris Chambliss,0,27.5,20.5,24,17,1971,1988,1,2175,8313,7571,912,2109,392,42,185,972,40,35,632,926,0.279,0.334,0.415,0.749,109
Steve Garvey,0,38.1,28.8,33.4,19,1969,1987,10,2332,9466,8835,1143,2599,440,43,272,1308,83,62,479,1003,0.294,0.329,0.446,0.775,117
Cecil Cooper,0,36,30,33,17,1971,1987,5,1896,7939,7349,1012,2192,415,47,241,1125,89,49,448,911,0.298,0.337,0.466,0.803,121
Andre Thornton,0,24.2,23.2,23.7,14,1973,1987,2,1565,6295,5291,792,1342,244,22,253,895,48,37,876,851,0.254,0.36,0.452,0.811,123
Tony Perez,1,54,36.5,45.3,23,1964,1986,7,2777,10861,9778,1272,2732,505,79,379,1652,49,33,925,1867,0.279,0.341,0.463,0.804,122
Mike Hargrove,0,30.4,24.3,27.3,12,1974,1985,1,1666,6694,5564,783,1614,266,28,80,686,24,37,965,550,0.29,0.396,0.391,0.787,121
Mike Jorgensen,0,9.1,10.4,9.7,17,1968,1985,0,1633,4034,3421,429,833,132,13,95,426,58,44,532,589,0.243,0.347,0.373,0.72,101
Bob Watson,0,28.4,24.4,26.4,19,1966,1984,2,1832,6962,6185,802,1826,307,41,184,989,27,28,653,796,0.295,0.364,0.447,0.811,129
Jose Morales,0,0.1,2.1,1.1,12,1973,1984,0,733,1428,1305,126,375,68,6,26,207,0,4,89,182,0.287,0.332,0.408,0.741,103
Lee May,0,27.2,21.8,24.5,18,1965,1982,3,2071,8219,7609,959,2031,340,31,354,1244,39,35,487,1570,0.267,0.313,0.459,0.772,116
John Mayberry,0,24.9,23.4,24.1,15,1968,1982,2,1620,6447,5447,733,1379,211,19,255,879,20,17,881,810,0.253,0.36,0.439,0.799,123
Jim Spencer,0,2.8,6.3,4.5,15,1968,1982,1,1553,5408,4908,541,1227,179,27,146,599,11,19,407,582,0.25,0.307,0.387,0.694,98
Willie Montanez,0,1.7,5.9,3.8,14,1966,1982,1,1632,6407,5843,645,1604,279,25,139,802,32,42,465,751,0.275,0.327,0.402,0.729,102
Willie McCovey,1,64.5,44.9,54.7,22,1959,1980,6,2588,9692,8197,1229,2211,353,46,521,1555,26,22,1345,1550,0.27,0.374,0.515,0.889,147
George Scott,0,36.5,30.3,33.4,14,1966,1979,3,2034,8269,7433,957,1992,306,60,271,1051,69,57,699,1418,0.268,0.333,0.435,0.767,114
Ed Kranepool,0,4.4,9,6.7,18,1962,1979,1,1853,5997,5436,536,1418,225,25,118,614,15,27,454,581,0.261,0.316,0.377,0.693,98
Ron Fairly,0,35.1,24,29.6,21,1958,1978,2,2442,8437,7184,931,1913,307,33,215,1044,35,33,1052,877,0.266,0.36,0.408,0.768,117
Joe Torre,0,57.6,37.2,47.4,18,1960,1977,9,2209,8802,7874,996,2342,344,59,252,1185,23,29,779,1094,0.297,0.365,0.452,0.817,129
Boog Powell,0,39,30.9,35,17,1961,1977,4,2042,7809,6681,889,1776,270,11,339,1187,20,21,1001,1226,0.266,0.361,0.462,0.822,134
Deron Johnson,0,6.3,13.4,9.9,16,1960,1976,0,1765,6619,5941,706,1447,247,33,245,923,11,18,585,1318,0.244,0.311,0.42,0.731,102
Harmon Killebrew,1,60.4,38.1,49.3,22,1954,1975,13,2435,9833,8147,1283,2086,290,24,573,1584,19,18,1559,1699,0.256,0.376,0.509,0.884,143
Norm Cash,0,52,33.7,42.9,17,1958,1974,5,2089,7914,6705,1045,1820,241,41,377,1104,43,30,1043,1091,0.271,0.374,0.488,0.862,139
Orlando Cepeda,0,50.2,34.6,42.4,17,1958,1974,11,2124,8698,7927,1131,2351,417,27,379,1365,142,80,588,1169,0.297,0.35,0.499,0.849,133
Joe Pepitone,0,9.7,10.7,10.2,12,1962,1973,3,1397,5475,5097,606,1315,158,35,219,721,41,32,302,526,0.258,0.301,0.432,0.733,105
Rich Reese,0,2.2,4.7,3.5,10,1964,1973,0,866,2224,2020,248,512,73,17,52,245,16,15,158,270,0.253,0.312,0.384,0.695,95
Roy Sievers,0,25.6,22.7,24.1,17,1949,1965,5,1887,7347,6387,945,1703,292,42,318,1147,14,19,841,920,0.267,0.354,0.475,0.829,124
Vic Power,0,15.5,17.1,16.3,12,1954,1965,6,1627,6459,6046,765,1716,290,49,126,658,45,35,279,247,0.284,0.315,0.411,0.725,97
Gil Hodges,0,44.9,34.2,39.6,18,1943,1963,8,2071,8102,7030,1105,1921,295,48,370,1274,63,42,943,1137,0.273,0.359,0.487,0.846,120
Ted Kluszewski,0,32.4,29.2,30.8,15,1947,1961,4,1718,6469,5929,848,1766,290,29,279,1028,20,16,492,365,0.298,0.353,0.498,0.85,123
Earl Torgeson,0,32.9,25.3,29.1,15,1947,1961,0,1668,6046,4969,848,1318,215,46,149,740,133,58,980,653,0.265,0.385,0.417,0.802,117
Walt Dropo,0,3.1,6.6,4.8,13,1949,1961,1,1288,4522,4124,478,1113,168,22,152,704,5,6,328,582,0.27,0.326,0.432,0.757,100
Mickey Vernon,0,34.5,25.4,30,20,1939,1960,7,2409,9838,8731,1196,2495,490,120,172,1311,137,90,955,869,0.286,0.359,0.428,0.787,116
Phil Cavarretta,0,34.6,25.2,29.9,22,1934,1955,4,2030,7701,6754,990,1977,347,99,95,920,65,34,820,598,0.293,0.372,0.416,0.788,118
Johnny Mize,0,70.9,48.7,59.8,15,1936,1953,10,1884,7370,6443,1118,2011,367,83,359,1337,28,6,856,524,0.312,0.397,0.562,0.959,158
Frank McCormick,0,34.9,28.4,31.6,13,1934,1948,9,1534,6206,5723,722,1711,334,26,128,954,27,17,399,189,0.299,0.348,0.434,0.781,118
Orlando Hudson,0,30.9,27.3,29.1,11,2002,2012,2,1345,5413,4825,648,1319,256,66,93,542,85,28,483,825,0.273,0.341,0.412,0.752,97
Freddy Sanchez,0,15.9,16.1,16,10,2002,2011,3,904,3686,3402,434,1012,215,17,48,371,13,9,180,420,0.297,0.335,0.413,0.748,98
Luis Castillo,0,29.1,24,26.6,15,1996,2010,3,1720,7471,6510,1001,1889,194,59,28,443,370,142,800,850,0.29,0.368,0.351,0.719,92
Mark Grudzielanek,0,26.5,20.7,23.6,15,1995,2010,1,1802,7603,7052,946,2040,391,36,90,640,133,52,364,954,0.289,0.332,0.393,0.725,90
Ray Durham,0,33.8,25.8,29.8,14,1995,2008,2,1975,8423,7408,1249,2054,440,79,192,875,273,97,820,1201,0.277,0.352,0.436,0.788,104
Craig Biggio,1,65.5,41.8,53.7,20,1988,2007,7,2850,12504,10876,1844,3060,668,55,291,1175,414,124,1160,1753,0.281,0.363,0.433,0.796,112
Todd Walker,0,10.5,9.8,10.2,12,1996,2007,0,1288,5055,4554,647,1316,284,30,107,545,66,37,421,571,0.289,0.348,0.435,0.783,98
Eric Young,0,18.8,16.8,17.8,15,1992,2006,1,1730,6996,6119,996,1731,327,46,79,543,465,168,660,462,0.283,0.359,0.39,0.749,92
Tony Womack,0,2.4,7.2,4.8,13,1993,2006,1,1303,5389,4963,739,1353,190,59,36,368,363,74,308,649,0.273,0.317,0.356,0.673,72
Bret Boone,0,22.8,25.1,24,14,1992,2005,3,1780,7433,6683,927,1775,366,28,252,1021,94,53,552,1295,0.266,0.325,0.442,0.767,101
Carlos Baerga,0,19.6,22,20.8,14,1990,2005,3,1630,5895,5439,731,1583,279,17,134,774,59,24,291,580,0.291,0.332,0.423,0.754,100
Roberto Alomar,1,67.1,42.9,55,17,1988,2004,12,2379,10400,9073,1508,2724,504,80,210,1134,474,114,1032,1140,0.3,0.371,0.443,0.814,116
Chuck Knoblauch,0,44.8,38.6,41.7,12,1991,2002,4,1632,7387,6366,1132,1839,322,64,98,615,407,117,804,730,0.289,0.378,0.406,0.783,106
Tony Phillips,0,50.9,34.1,42.5,18,1982,1999,0,2161,9110,7617,1300,2023,360,50,160,819,177,114,1319,1499,0.266,0.374,0.389,0.763,109
Juan Samuel,0,17,17.7,17.3,16,1983,1998,3,1720,6664,6081,873,1578,287,102,161,703,396,143,440,1442,0.259,0.315,0.42,0.735,101
Ryne Sandberg,1,68,47.1,57.5,16,1981,1997,10,2164,9282,8385,1318,2386,403,76,282,1061,344,107,761,1260,0.285,0.344,0.452,0.795,114
Robby Thompson,0,33.9,30.3,32.1,11,1986,1996,2,1304,5235,4612,671,1187,238,39,119,458,103,62,439,987,0.257,0.329,0.403,0.733,105
Lou Whitaker,0,75.1,37.9,56.5,19,1977,1995,5,2390,9967,8570,1386,2369,420,65,244,1084,143,75,1197,1099,0.276,0.363,0.426,0.789,117
Steve Sax,0,25.7,21.9,23.8,14,1981,1994,5,1769,7632,6940,913,1949,278,47,54,550,444,178,556,584,0.281,0.335,0.358,0.692,95
Willie Randolph,0,65.9,36.3,51.1,18,1975,1992,6,2202,9461,8018,1239,2210,316,65,54,687,271,94,1243,675,0.276,0.373,0.351,0.724,104
Frank White,0,34.8,23.6,29.2,18,1973,1990,5,2324,8468,7859,912,2006,407,58,160,886,178,83,412,1035,0.255,0.293,0.383,0.675,85
Johnny Ray,0,24.2,23,23.6,10,1981,1990,1,1353,5664,5188,604,1502,294,36,53,594,80,49,353,329,0.29,0.333,0.391,0.724,101
Manny Trillo,0,11.3,10.3,10.8,17,1973,1989,4,1780,6573,5950,598,1562,239,33,61,571,56,57,452,742,0.263,0.316,0.345,0.66,81
Phil Garner,0,29.7,23.3,26.5,16,1973,1988,3,1860,6861,6136,780,1594,299,82,109,738,225,105,564,842,0.26,0.323,0.389,0.711,99
Davey Lopes,0,42.4,30.2,36.3,16,1972,1987,4,1812,7340,6354,1023,1671,232,50,155,614,557,114,833,852,0.263,0.349,0.388,0.737,107
Bobby Grich,0,71.1,46.4,58.7,17,1970,1986,6,2008,8220,6890,1033,1833,320,47,224,864,104,83,1087,1278,0.266,0.371,0.424,0.794,125
Rod Carew,1,81.3,49.8,65.5,19,1967,1985,18,2469,10550,9315,1424,3053,445,112,92,1015,353,187,1018,1028,0.328,0.393,0.429,0.822,131
Rich Dauer,0,14.4,14.2,14.3,10,1976,1985,0,1140,4218,3829,448,984,193,3,43,372,6,13,297,219,0.257,0.31,0.343,0.653,83
Joe Morgan,1,100.6,59.3,79.9,22,1963,1984,10,2649,11329,9277,1650,2517,449,96,268,1133,689,162,1865,1015,0.271,0.392,0.427,0.819,132
Jerry Remy,0,14.6,13.5,14,10,1975,1984,1,1154,4963,4455,605,1226,140,38,7,329,208,99,356,404,0.275,0.327,0.328,0.656,82
Dave Cash,0,25.6,21.6,23.6,12,1969,1980,3,1422,6057,5554,732,1571,243,56,21,426,120,74,424,309,0.283,0.334,0.358,0.692,93
Davey Johnson,0,27.6,23.4,25.5,13,1965,1978,4,1435,5465,4797,564,1252,242,18,136,609,33,25,559,675,0.261,0.34,0.404,0.744,110
Felix Millan,0,17.6,17.9,17.7,12,1966,1977,3,1480,6325,5791,699,1617,229,38,22,403,67,43,318,242,0.279,0.322,0.343,0.665,87
Cookie Rojas,0,9.3,13.2,11.2,16,1962,1977,5,1822,6871,6309,713,1660,254,25,54,593,74,68,396,489,0.263,0.306,0.337,0.643,83
Tommy Helms,0,8.3,10.5,9.4,14,1964,1977,2,1435,5337,4997,414,1342,223,21,34,477,33,40,231,301,0.269,0.3,0.342,0.642,79
Tony Taylor,0,23.4,18.3,20.8,19,1958,1976,2,2195,8501,7680,1005,2007,298,86,75,598,234,111,613,1083,0.261,0.321,0.352,0.673,88
Dick McAuliffe,0,37.5,29.5,33.5,16,1960,1975,3,1763,7161,6185,888,1530,231,71,197,696,63,59,882,974,0.247,0.343,0.403,0.746,109
Glenn Beckert,0,15.6,17.1,16.4,11,1965,1975,4,1320,5572,5208,685,1473,196,31,22,360,49,25,260,243,0.283,0.318,0.345,0.663,82
Ron Hunt,0,32.8,25.6,29.2,12,1963,1974,2,1483,6158,5235,745,1429,223,23,39,370,65,55,555,382,0.273,0.368,0.347,0.715,105
Horace Clarke,0,15.6,15.3,15.5,10,1965,1974,0,1272,5242,4813,548,1230,150,23,27,304,151,58,365,362,0.256,0.308,0.313,0.621,83
Bernie Allen,0,9.4,9,9.2,12,1962,1973,0,1139,3823,3404,357,815,140,21,73,352,13,16,370,424,0.239,0.314,0.357,0.671,91
Bill Mazeroski,0,36.5,26,31.2,17,1956,1972,10,2163,8379,7755,769,2016,294,62,138,853,27,23,447,706,0.26,0.299,0.367,0.667,84
Bobby Richardson,0,8.2,10.4,9.3,12,1955,1966,8,1412,5780,5386,643,1432,196,37,34,390,73,48,262,243,0.266,0.299,0.335,0.634,77
Nellie Fox,0,49,36.8,42.9,19,1947,1965,15,2367,10351,9232,1279,2663,355,112,35,790,76,80,719,216,0.288,0.348,0.363,0.71,93
Red Schoendienst,0,42.3,31.7,37,19,1945,1963,10,2216,9224,8479,1223,2449,427,78,84,773,89,60,606,346,0.289,0.337,0.387,0.724,94
Billy Martin,0,2.9,7.2,5.1,11,1950,1961,1,1021,3716,3419,425,877,137,28,64,333,34,29,188,355,0.257,0.3,0.369,0.669,81
Gil McDougald,0,40.7,32.1,36.4,10,1951,1960,6,1336,5398,4676,697,1291,187,51,112,576,45,44,559,623,0.276,0.356,0.41,0.766,111
Bobby Doerr,0,51.2,36.4,43.8,14,1937,1951,9,1865,8028,7093,1094,2042,381,89,223,1247,54,64,809,608,0.288,0.362,0.461,0.823,115
Joe Gordon,0,57.2,45.8,51.5,11,1938,1950,9,1566,6535,5707,914,1530,264,52,253,975,89,60,759,702,0.268,0.357,0.466,0.822,120
Billy Herman,0,54.8,35.5,45.1,15,1931,1947,10,1922,8638,7707,1163,2345,486,82,47,839,67,16,737,428,0.304,0.367,0.407,0.774,112
Juan Francisco,0,0.9,0.9,0.9,6,2009,2014,0,404,1091,996,110,235,50,4,48,152,2,6,81,375,0.236,0.297,0.439,0.736,100
Chipper Jones,1,85.2,46.8,66,19,1993,2012,8,2499,10614,8984,1619,2726,549,38,468,1623,150,46,1512,1409,0.303,0.401,0.529,0.93,141
Melvin Mora,0,28.3,26,27.2,13,1999,2011,2,1556,6158,5422,794,1503,283,19,171,754,93,55,520,953,0.277,0.35,0.431,0.781,105
Casey Blake,0,24.9,22.2,23.6,13,1999,2011,0,1265,5091,4500,644,1186,264,18,167,616,36,37,445,1037,0.264,0.336,0.442,0.778,107
Troy Glaus,0,38,32.9,35.5,13,1998,2010,4,1537,6355,5410,889,1375,293,10,320,950,56,29,854,1377,0.254,0.358,0.489,0.847,119
Mike Lowell,0,24.9,23.5,24.2,13,1998,2010,4,1601,6500,5813,771,1619,394,7,223,952,30,14,548,817,0.279,0.342,0.464,0.805,108
Aaron Boone,0,13.5,15.2,14.4,12,1997,2009,1,1152,4333,3871,519,1017,216,17,126,555,107,30,303,707,0.263,0.326,0.425,0.751,94
Jeff Cirillo,0,34.5,30.5,32.5,14,1994,2007,2,1617,6136,5396,800,1598,343,21,112,727,63,37,563,694,0.296,0.366,0.43,0.796,102
Bill Mueller,0,23.9,19.7,21.8,11,1996,2006,0,1216,4886,4223,663,1229,265,22,85,493,20,18,543,571,0.291,0.373,0.425,0.797,109
Vinny Castilla,0,19.4,20.8,20.1,16,1991,2006,2,1854,7384,6822,902,1884,349,28,320,1105,33,43,423,1069,0.276,0.321,0.476,0.797,95
Phil Nevin,0,15.9,19.1,17.5,12,1995,2006,1,1217,4703,4188,584,1131,209,6,208,743,18,5,449,1019,0.27,0.343,0.472,0.814,114
Lenny Harris,0,1.7,7.1,4.4,18,1988,2005,0,1903,4289,3924,460,1055,161,21,37,369,131,54,279,337,0.269,0.318,0.349,0.667,80
Robin Ventura,0,56.1,38.7,47.4,16,1989,2004,2,2079,8271,7064,1006,1885,338,14,294,1182,24,38,1075,1179,0.267,0.362,0.444,0.806,114
Todd Zeile,0,19.5,15,17.2,16,1989,2004,0,2158,8649,7573,986,2004,397,23,253,1110,53,51,945,1279,0.265,0.346,0.423,0.769,104
Matt Williams,0,46.6,34,40.3,17,1987,2003,5,1866,7595,7000,997,1878,338,35,378,1218,53,35,469,1363,0.268,0.317,0.489,0.805,113
Travis Fryman,0,34.4,28.4,31.4,13,1990,2002,5,1698,7217,6481,895,1776,345,40,223,1022,72,38,602,1369,0.274,0.336,0.443,0.779,104
Ken Caminiti,0,33.5,29.8,31.7,15,1987,2001,3,1760,7127,6288,894,1710,348,17,239,983,88,39,727,1163,0.272,0.347,0.447,0.794,116
Bobby Bonilla,0,30.3,27.4,28.9,16,1986,2001,6,2113,8257,7213,1084,2010,408,61,287,1173,45,57,912,1204,0.279,0.358,0.472,0.829,124
Scott Brosius,0,15.7,15.9,15.8,11,1991,2001,1,1146,4356,3889,544,1001,200,8,141,531,57,30,348,699,0.257,0.323,0.422,0.744,94
Gary Gaetti,0,42.1,25.3,33.7,20,1981,2000,2,2507,9817,8951,1130,2280,443,39,360,1341,96,65,634,1602,0.255,0.308,0.434,0.741,97
Wade Boggs,1,91.4,56.4,73.9,18,1982,1999,12,2439,10740,9180,1513,3010,578,61,118,1014,24,35,1412,745,0.328,0.415,0.443,0.858,131
Paul Molitor,1,75.7,39.7,57.7,21,1978,1998,7,2683,12167,10835,1782,3319,605,114,234,1307,504,131,1094,1244,0.306,0.369,0.448,0.817,122
Terry Pendleton,0,28.5,25.4,26.9,15,1984,1998,1,1893,7637,7032,851,1897,356,39,140,946,127,59,486,979,0.27,0.316,0.391,0.707,92
Tim Wallach,0,38.5,30.6,34.6,17,1980,1996,5,2212,8908,8099,908,2085,432,36,260,1125,51,66,649,1307,0.257,0.316,0.416,0.732,102
Howard Johnson,0,22.2,23.1,22.6,14,1982,1995,2,1531,5715,4940,760,1229,247,22,228,760,231,77,692,1053,0.249,0.34,0.446,0.786,118
George Brett,1,88.7,53.3,71,21,1973,1993,13,2707,11625,10349,1583,3154,665,137,317,1596,201,97,1096,908,0.305,0.369,0.487,0.857,135
Carney Lansford,0,40.4,28.4,34.4,15,1978,1992,1,1862,7905,7158,1007,2074,332,40,151,874,224,104,553,719,0.29,0.343,0.411,0.753,111
Mike Schmidt,1,106.8,58.7,82.8,18,1972,1989,12,2404,10062,8352,1506,2234,408,59,548,1595,174,92,1507,1883,0.267,0.38,0.527,0.908,147
Buddy Bell,0,66.3,40.5,53.4,18,1972,1989,5,2405,10009,8995,1151,2514,425,56,201,1106,55,79,836,776,0.279,0.341,0.406,0.747,109
Darrell Evans,0,58.8,37.3,48.1,21,1969,1989,2,2687,10737,8973,1344,2223,329,36,414,1354,98,68,1605,1410,0.248,0.361,0.431,0.792,119
Graig Nettles,0,68,42.4,55.2,22,1967,1988,6,2700,10228,8986,1193,2225,328,28,390,1314,32,36,1088,1209,0.248,0.329,0.421,0.75,110
Bob Horner,0,21.9,19.1,20.5,10,1978,1988,1,1020,4213,3777,560,1047,169,8,218,685,14,18,369,512,0.277,0.34,0.499,0.839,127
Larry Parrish,0,15.7,15.8,15.7,15,1974,1988,2,1891,7451,6792,850,1789,360,33,256,992,30,36,529,1359,0.263,0.318,0.439,0.757,107
Ray Knight,0,13.3,15.9,14.6,13,1974,1988,2,1495,5291,4829,490,1311,266,27,84,595,14,25,343,579,0.271,0.321,0.39,0.711,99
Ron Cey,0,53.8,37.1,45.4,17,1971,1987,6,2073,8344,7162,977,1868,328,21,316,1139,24,29,1012,1235,0.261,0.354,0.445,0.799,121
Doug DeCinces,0,41.7,31.4,36.5,15,1973,1987,1,1649,6534,5809,778,1505,312,29,237,879,58,48,618,904,0.259,0.329,0.445,0.774,115
Bill Madlock,0,38.2,28.4,33.3,15,1973,1987,3,1806,7372,6594,920,2008,348,34,163,860,174,90,605,510,0.305,0.365,0.442,0.807,123
Toby Harrah,0,51.4,35.4,43.4,17,1969,1986,4,2155,8767,7402,1115,1954,307,40,195,918,238,94,1153,868,0.264,0.365,0.395,0.76,114
Richie Hebner,0,33,23.4,28.2,18,1968,1985,0,1908,7027,6144,865,1694,273,57,203,890,38,40,687,741,0.276,0.352,0.438,0.79,119
Art Howe,0,13.8,14.3,14.1,11,1974,1985,0,891,2954,2626,268,682,139,23,43,293,10,10,275,287,0.26,0.329,0.379,0.708,102
Roy Howell,0,10.9,11.4,11.2,11,1974,1984,1,1112,4181,3791,422,991,183,31,80,454,9,14,318,675,0.261,0.321,0.389,0.71,98
Don Money,0,36.5,27.6,32,16,1968,1983,4,1720,6998,6215,798,1623,302,36,176,729,80,51,600,866,0.261,0.328,0.406,0.734,106
Sal Bando,0,61.5,44.4,53,16,1966,1981,4,2019,8287,7060,982,1790,289,38,242,1039,75,46,1031,923,0.254,0.352,0.408,0.76,119
Bob Bailey,0,28.7,23.5,26.1,17,1962,1978,0,1931,7043,6082,772,1564,234,43,189,773,85,83,852,1126,0.257,0.347,0.403,0.75,111
Brooks Robinson,1,78.4,45.8,62.1,23,1955,1977,18,2896,11782,10654,1232,2848,482,68,268,1357,28,22,860,990,0.267,0.322,0.401,0.723,104
Dick Allen,0,58.7,45.9,52.3,15,1963,1977,7,1749,7315,6332,1099,1848,320,79,351,1119,133,52,894,1556,0.292,0.378,0.534,0.912,156
Ken McMullen,0,34,29.9,32,16,1962,1977,0,1583,5729,5131,568,1273,172,26,156,606,20,19,510,815,0.248,0.316,0.383,0.699,104
Doug Rader,0,24.4,19.6,22,11,1967,1977,0,1465,5832,5186,631,1302,245,39,155,722,37,33,528,1055,0.251,0.322,0.403,0.725,106
Bill Melton,0,18.7,18,18.3,10,1968,1977,1,1144,4558,3971,496,1004,162,9,160,591,23,24,479,669,0.253,0.337,0.419,0.756,112
Ron Santo,0,70.5,53.8,62.2,15,1960,1974,9,2243,9397,8143,1138,2254,365,67,342,1331,35,41,1108,1343,0.277,0.362,0.464,0.826,125
Paul Schaal,0,14.6,14.1,14.4,11,1964,1974,0,1128,4149,3555,436,869,132,26,57,323,43,38,516,466,0.244,0.341,0.344,0.686,99
Phil Gagliano,0,2.2,3.6,2.9,12,1963,1974,0,702,1605,1411,150,336,50,7,14,159,5,4,163,184,0.238,0.316,0.313,0.629,77
Clete Boyer,0,27.6,23.6,25.6,16,1955,1971,0,1725,6368,5780,645,1396,200,33,162,654,41,28,470,931,0.242,0.299,0.372,0.67,86
Ken Boyer,0,62.8,46.3,54.6,15,1955,1969,11,2034,8272,7455,1104,2143,318,68,282,1141,105,77,713,1017,0.287,0.349,0.462,0.81,116
Eddie Mathews,1,96.6,54.5,75.6,17,1952,1968,12,2391,10100,8537,1509,2315,354,72,512,1453,68,39,1444,1487,0.271,0.376,0.509,0.885,143
Grady Hatton,0,17.6,15.9,16.8,12,1946,1960,1,1312,4912,4206,562,1068,166,33,91,533,42,21,646,430,0.254,0.354,0.374,0.728,96
Bobby Adams,0,14.5,12.7,13.6,14,1946,1959,0,1281,4530,4019,591,1082,188,49,37,303,67,43,414,447,0.269,0.34,0.368,0.708,90
George Kell,0,37.4,27.7,32.6,15,1943,1957,10,1795,7529,6702,880,2054,385,50,78,870,51,36,621,287,0.306,0.367,0.414,0.781,112
Edgar Renteria,0,32.3,25.6,29,16,1996,2011,5,2152,9066,8142,1200,2327,436,29,140,923,294,108,718,1182,0.286,0.343,0.398,0.741,94
Carlos Guillen,0,27.7,24.2,26,14,1998,2011,3,1305,5277,4673,733,1331,266,51,124,660,74,47,510,804,0.285,0.355,0.443,0.798,111
Orlando Cabrera,0,21.4,20,20.7,15,1997,2011,0,1985,8255,7562,985,2055,459,32,123,854,216,57,514,745,0.272,0.317,0.39,0.707,84
David Eckstein,0,20.9,19,20,10,2001,2010,2,1311,5705,5041,701,1414,232,20,35,392,123,45,376,418,0.28,0.345,0.355,0.701,87
Nomar Garciaparra,0,44.2,43.1,43.7,14,1996,2009,6,1434,6116,5586,927,1747,370,52,229,936,95,31,403,554,0.313,0.361,0.521,0.882,124
Rich Aurilia,0,18.2,16.8,17.5,15,1995,2009,1,1652,6278,5721,745,1576,301,22,186,756,23,18,450,861,0.275,0.328,0.433,0.762,99
Royce Clayton,0,19.6,17.4,18.5,17,1991,2007,1,2108,8164,7379,935,1904,363,55,110,723,231,100,565,1415,0.258,0.312,0.367,0.679,78
Barry Larkin,1,70.4,43.3,56.9,19,1986,2004,12,2180,9057,7937,1329,2340,441,76,198,960,379,77,939,817,0.295,0.371,0.444,0.815,116
Jay Bell,0,37.2,31.6,34.4,18,1986,2003,2,2063,8525,7398,1123,1963,394,67,195,860,91,60,853,1443,0.265,0.343,0.416,0.759,101
Shawon Dunston,0,11.5,11,11.2,18,1985,2002,2,1814,6276,5927,736,1597,292,62,150,668,212,82,203,1000,0.269,0.296,0.416,0.712,89
Cal Ripken,1,95.9,56.3,76.1,21,1981,2001,19,3001,12883,11551,1647,3184,603,44,431,1695,36,39,1129,1305,0.276,0.34,0.447,0.788,112
Tony Fernandez,0,45.3,30.5,37.9,17,1983,2001,5,2158,8793,7911,1057,2276,414,92,94,844,246,138,690,784,0.288,0.347,0.399,0.746,101
Ozzie Guillen,0,20.9,19.3,20.1,16,1985,2000,3,1993,7133,6686,773,1764,275,69,28,619,169,108,239,511,0.264,0.287,0.338,0.626,69
Walt Weiss,0,16.5,16.1,16.3,14,1987,2000,1,1495,5516,4686,623,1207,182,31,25,386,96,35,658,658,0.258,0.351,0.326,0.677,78
Gary Disarcina,0,11.2,11.6,11.4,12,1989,2000,1,1086,4032,3744,444,966,186,20,28,355,47,44,154,306,0.258,0.292,0.341,0.633,66
Ozzie Smith,1,76.9,42.5,59.7,19,1978,1996,15,2573,10778,9396,1257,2460,402,69,28,793,580,148,1072,589,0.262,0.337,0.328,0.666,87
Alan Trammell,0,70.7,44.8,57.8,20,1977,1996,6,2293,9376,8288,1231,2365,412,55,185,1003,236,109,850,874,0.285,0.352,0.415,0.767,110
Hubie Brooks,0,13,17.3,15.1,15,1980,1994,2,1645,6476,5974,656,1608,290,31,149,824,64,56,387,1005,0.269,0.315,0.403,0.717,100
Robin Yount,1,77.3,47.3,62.3,20,1974,1993,3,2856,12249,11008,1632,3142,583,126,251,1406,271,105,966,1350,0.285,0.342,0.43,0.772,115
Garry Templeton,0,27.9,23.7,25.8,16,1976,1991,3,2079,8208,7721,893,2096,329,106,70,728,242,129,375,1092,0.271,0.304,0.369,0.673,87
Chris Speier,0,30.6,22.5,26.6,19,1971,1989,3,2260,8155,7156,770,1759,302,50,112,720,42,54,847,988,0.246,0.327,0.349,0.676,88
Dave Concepcion,0,40.1,29.9,35,19,1970,1988,9,2488,9641,8723,993,2326,389,48,101,950,321,109,736,1186,0.267,0.322,0.357,0.679,88
Rick Burleson,0,22.8,21.3,22.1,13,1974,1987,4,1346,5717,5139,656,1401,256,23,50,449,72,68,420,477,0.273,0.328,0.361,0.689,87
Bill Russell,0,31.3,21.3,26.3,18,1969,1986,3,2181,8021,7318,796,1926,293,57,46,627,167,69,483,667,0.263,0.31,0.338,0.648,83
Larry Bowa,0,22.8,21.5,22.2,16,1970,1985,5,2247,9109,8418,987,2191,262,99,15,525,318,105,474,569,0.26,0.3,0.32,0.62,71
Bob Bailor,0,8.9,9.2,9,11,1975,1985,0,954,3206,2937,339,775,107,23,9,222,90,36,187,164,0.264,0.31,0.325,0.636,77
Bucky Dent,0,17.5,17.2,17.4,12,1973,1984,3,1392,5026,4512,451,1114,169,23,40,423,17,29,328,349,0.247,0.297,0.321,0.618,74
Bert Campaneris,0,53.1,36.7,44.9,19,1964,1983,6,2328,9625,8684,1181,2249,313,86,79,646,649,199,618,1142,0.259,0.311,0.342,0.653,89
Mark Belanger,0,40.9,31.9,36.4,18,1965,1982,1,2016,6601,5784,676,1316,175,33,20,389,167,75,576,839,0.228,0.3,0.28,0.58,68
Bud Harrelson,0,20.3,18.2,19.3,16,1965,1980,2,1533,5516,4744,539,1120,136,45,7,267,127,60,633,653,0.236,0.327,0.288,0.616,76
Don Kessinger,0,9,11.3,10.1,16,1964,1979,6,2078,8530,7651,899,1931,254,80,14,527,100,85,684,759,0.252,0.314,0.312,0.626,73
Jim Fregosi,0,48.7,41,44.8,18,1961,1978,6,1902,7403,6523,844,1726,264,78,151,706,76,40,715,1097,0.265,0.338,0.398,0.736,113
Rico Petrocelli,0,39.2,33.2,36.2,13,1963,1976,2,1553,6171,5390,653,1352,237,22,210,773,10,22,661,926,0.251,0.332,0.42,0.752,108
Leo Cardenas,0,27.3,23.3,25.3,16,1960,1975,5,1941,7402,6707,662,1725,285,49,118,689,39,48,522,1135,0.257,0.311,0.367,0.679,88
Dal Maxvill,0,7.7,8.5,8.1,14,1962,1975,0,1423,3898,3443,302,748,79,24,6,252,7,11,370,538,0.217,0.293,0.259,0.552,57
Denis Menke,0,28.1,23.3,25.7,13,1962,1974,2,1598,5936,5071,605,1270,225,40,101,606,34,54,698,853,0.25,0.343,0.37,0.713,103
Larry Brown,0,6.8,8.7,7.8,12,1963,1974,0,1129,3872,3449,331,803,108,13,47,254,22,23,317,414,0.233,0.3,0.313,0.612,76
Sonny Jackson,0,1.7,4.8,3.2,12,1963,1974,0,936,3390,3055,396,767,81,28,7,162,126,51,250,265,0.251,0.308,0.303,0.611,73
Luis Aparicio,1,55.8,32.7,44.3,18,1956,1973,13,2599,11230,10230,1335,2677,394,92,83,791,506,136,736,742,0.262,0.311,0.343,0.653,82
Gene Alley,0,24.2,24.1,24.2,11,1963,1973,2,1195,4332,3927,442,999,140,44,55,342,63,30,300,622,0.254,0.31,0.354,0.665,88
Jose Pagan,0,5.7,8,6.9,15,1959,1973,0,1326,4032,3689,387,922,138,26,52,372,46,35,244,510,0.25,0.298,0.344,0.641,79
Hal Lanier,0,-0.9,2.5,0.8,10,1964,1973,0,1196,3940,3703,297,843,111,20,8,273,11,11,136,436,0.228,0.255,0.275,0.529,50
Maury Wills,0,39.7,29.6,34.7,14,1959,1972,7,1942,8306,7588,1067,2134,177,71,20,458,586,208,552,684,0.281,0.33,0.331,0.661,88
Ernie Banks,1,67.5,51.9,59.7,19,1953,1971,14,2528,10395,9421,1305,2583,407,90,512,1636,50,53,763,1236,0.274,0.33,0.5,0.83,122
Dick Groat,0,36.7,29.6,33.1,14,1952,1967,8,1929,8179,7484,829,2138,352,67,39,707,14,27,490,512,0.286,0.33,0.366,0.696,89
Harvey Kuenn,0,26,22.1,24,15,1952,1966,10,1833,7617,6913,950,2092,356,56,87,671,68,56,594,404,0.303,0.357,0.408,0.765,108
Roy McMillan,0,25.6,20,22.8,16,1951,1966,2,2093,7655,6752,739,1639,253,35,68,594,41,36,665,711,0.243,0.314,0.321,0.635,72
Al Dark,0,43.2,33.1,38.1,14,1946,1960,3,1828,7833,7219,1064,2089,358,72,126,757,59,37,430,534,0.289,0.333,0.411,0.744,98
Solly Hemus,0,25.5,25.4,25.5,11,1949,1959,0,961,3251,2694,459,736,137,41,51,263,21,18,456,247,0.273,0.39,0.411,0.801,115
Chico Carrasquel,0,21.2,22.4,21.8,10,1950,1959,4,1325,5260,4644,568,1199,172,25,55,474,31,28,491,467,0.258,0.333,0.342,0.674,82
Pee Wee Reese,0,66.3,40.9,53.6,16,1940,1958,10,2166,9470,8058,1338,2170,330,80,126,885,232,91,1210,890,0.269,0.366,0.377,0.743,99
Phil Rizzuto,0,40.8,33.8,37.3,13,1941,1956,5,1661,6719,5816,877,1588,239,62,38,563,149,58,651,398,0.273,0.351,0.355,0.706,93
Marty Marion,0,31.6,26.2,28.9,13,1940,1953,8,1572,6143,5506,602,1448,272,37,36,624,35,17,470,537,0.263,0.323,0.345,0.668,81
Lou Boudreau,1,63,48.7,55.8,15,1938,1952,8,1646,7025,6029,861,1779,385,66,68,789,51,50,796,309,0.295,0.38,0.415,0.795,120
Arky Vaughan,0,72.9,50.6,61.8,14,1932,1948,9,1817,7722,6622,1173,2103,356,128,96,926,118,18,937,276,0.318,0.406,0.453,0.859,136
Frankie Crosetti,0,23.9,19.1,21.5,17,1932,1948,2,1683,7268,6277,1006,1541,260,65,98,649,113,62,792,799,0.245,0.341,0.354,0.695,83
Carlos Lee,0,28.3,23.3,25.8,14,1999,2012,3,2099,8787,7983,1125,2273,469,19,358,1363,125,47,655,984,0.285,0.339,0.483,0.821,113
Hideki Matsui,0,21.2,21.3,21.3,10,2003,2012,2,1236,5066,4442,656,1253,249,12,175,760,13,9,547,689,0.282,0.36,0.462,0.822,118
Pat Burrell,0,18.9,16.5,17.7,12,2000,2011,0,1640,6520,5503,767,1393,299,16,292,976,7,3,932,1564,0.253,0.361,0.472,0.834,116
Garret Anderson,0,25.7,22.8,24.2,17,1994,2010,3,2228,9177,8640,1084,2529,522,36,287,1365,80,47,429,1224,0.293,0.324,0.461,0.785,102
Cliff Floyd,0,26,25.1,25.5,17,1993,2009,1,1621,6062,5319,824,1479,340,23,233,865,148,43,601,1064,0.278,0.358,0.482,0.84,119
Luis Gonzalez,0,51.8,34,42.9,19,1990,2008,5,2591,10531,9157,1412,2591,596,68,354,1439,128,87,1155,1218,0.283,0.367,0.479,0.845,119
Moises Alou,0,39.9,27.7,33.8,17,1990,2008,6,1942,7913,7037,1109,2134,421,39,332,1287,106,37,737,894,0.303,0.369,0.516,0.885,128
Rondell White,0,28.3,22.5,25.4,15,1993,2007,1,1474,5852,5357,756,1519,296,34,198,768,94,47,360,925,0.284,0.336,0.462,0.799,108
Jeff Conine,0,19.5,17.8,18.7,17,1990,2007,2,2024,7782,6957,870,1982,385,36,214,1071,54,29,671,1168,0.285,0.347,0.443,0.789,107
B.J. Surhoff,0,34.4,22.4,28.4,19,1987,2005,1,2313,9106,8258,1062,2326,440,42,188,1153,141,84,640,839,0.282,0.332,0.413,0.745,98
Bobby Higginson,0,23.1,21.5,22.3,11,1995,2005,0,1362,5664,4910,736,1336,270,33,187,709,91,53,649,796,0.272,0.358,0.455,0.813,113
Rickey Henderson,1,111.2,57.6,84.4,25,1979,2003,10,3081,13346,10961,2295,3055,510,66,297,1115,1406,335,2190,1694,0.279,0.401,0.419,0.82,127
Ron Gant,0,34.1,26.5,30.3,16,1987,2003,2,1832,7320,6449,1080,1651,302,50,321,1008,243,102,770,1411,0.256,0.336,0.468,0.803,112
Greg Vaughn,0,30.8,27.5,29.1,15,1989,2003,4,1731,7070,6103,1017,1475,284,23,355,1072,121,59,865,1513,0.242,0.337,0.47,0.807,113
Tim Raines,1,69.4,42.4,55.9,23,1979,2002,7,2502,10359,8872,1571,2605,430,113,170,980,808,146,1330,966,0.294,0.385,0.425,0.81,123
Albert Belle,0,40.1,36,38.1,12,1989,2000,5,1539,6676,5853,974,1726,389,21,381,1239,88,41,683,961,0.295,0.369,0.564,0.933,144
Kevin Mitchell,0,29.1,26.5,27.8,13,1984,1998,2,1223,4696,4134,630,1173,224,25,234,760,30,31,491,719,0.284,0.36,0.52,0.88,142
Vince Coleman,0,12.5,13.2,12.9,13,1985,1997,2,1371,5970,5406,849,1425,176,89,28,346,752,177,477,960,0.264,0.324,0.345,0.668,83
Mike Greenwell,0,25.8,25.7,25.8,12,1985,1996,2,1269,5166,4623,657,1400,275,38,130,726,80,43,460,364,0.303,0.368,0.463,0.831,121
Lonnie Smith,0,38.5,29.8,34.2,17,1978,1994,1,1613,5952,5170,909,1488,273,58,98,533,370,140,623,849,0.288,0.371,0.42,0.791,118
George Bell,0,20,21.5,20.8,12,1981,1993,3,1587,6592,6123,814,1702,308,34,265,1002,67,36,331,771,0.278,0.316,0.469,0.785,113
Brian Downing,0,51.5,29.1,40.3,20,1973,1992,1,2344,9309,7853,1188,2099,360,28,275,1073,50,44,1197,1127,0.267,0.37,0.425,0.796,122
Pedro Guerrero,0,34.5,32,33.2,15,1978,1992,5,1536,6115,5392,730,1618,267,29,215,898,97,47,609,862,0.3,0.37,0.48,0.85,137
Jeffrey Leonard,0,9.9,13.9,11.9,14,1977,1990,2,1415,5476,5045,614,1342,223,37,144,723,163,61,342,1000,0.266,0.312,0.411,0.723,102
Jim Rice,1,47.7,36.4,42.1,16,1974,1989,8,2089,9058,8225,1249,2452,373,79,382,1451,58,34,670,1423,0.298,0.352,0.502,0.854,128
Jose Cruz,0,54.4,36.3,45.4,19,1970,1988,2,2353,8931,7917,1036,2251,391,94,165,1077,317,136,898,1031,0.284,0.354,0.42,0.774,120
Don Baylor,0,28.5,21.7,25.1,19,1970,1988,1,2292,9401,8198,1236,2135,366,28,338,1276,285,120,805,1069,0.26,0.342,0.436,0.777,118
Gary Matthews,0,30.4,22.3,26.4,16,1972,1987,1,2033,8189,7147,1083,2011,319,51,234,978,183,74,940,1125,0.281,0.364,0.439,0.802,118
Hal McRae,0,27.9,24.2,26.1,19,1968,1987,3,2084,8059,7218,940,2091,484,66,191,1097,109,78,648,779,0.29,0.351,0.454,0.805,123
Pete Rose,0,79.7,44.9,62.3,24,1963,1986,17,3562,15890,14053,2165,4256,746,135,160,1314,198,149,1566,1143,0.303,0.375,0.409,0.784,118
George Foster,0,44.2,36.9,40.5,18,1969,1986,5,1977,7812,7023,986,1925,307,47,348,1239,51,31,666,1419,0.274,0.338,0.48,0.818,126
Dusty Baker,0,37,26.2,31.6,19,1968,1986,2,2039,8022,7117,964,1981,320,23,242,1013,137,73,762,926,0.278,0.347,0.432,0.779,116
Ben Oglivie,0,26.4,23.5,24.9,16,1971,1986,3,1754,6598,5913,784,1615,277,33,235,901,87,70,560,852,0.273,0.336,0.45,0.786,118
Dave Kingman,0,17.3,16,16.7,16,1971,1986,3,1941,7429,6677,901,1575,240,25,442,1210,85,49,608,1816,0.236,0.302,0.478,0.78,115
John Lowenstein,0,10,12.2,11.1,16,1970,1985,0,1368,3988,3476,510,881,137,18,116,441,128,78,446,596,0.253,0.337,0.403,0.741,108
Greg Luzinski,0,26.3,22.4,24.3,15,1970,1984,4,1821,7518,6505,880,1795,344,24,307,1128,37,31,845,1495,0.276,0.363,0.478,0.84,130
Lou Piniella,0,12.5,16.2,14.4,18,1964,1984,1,1747,6362,5867,651,1705,305,41,102,766,32,41,368,541,0.291,0.333,0.409,0.741,109
Carl Yastrzemski,1,96.4,55.5,75.9,23,1961,1983,18,3308,13992,11988,1816,3419,646,59,452,1844,168,116,1845,1393,0.285,0.379,0.462,0.841,130
Richie Zisk,0,25.1,22.1,23.6,13,1971,1983,2,1453,5737,5144,681,1477,245,26,207,792,8,15,533,910,0.287,0.353,0.466,0.818,127
Bill Robinson,0,7.7,10.4,9,16,1966,1983,0,1472,4730,4364,536,1127,229,29,166,641,71,49,263,820,0.258,0.3,0.438,0.738,104
Willie Stargell,1,57.5,38,47.7,21,1962,1982,7,2360,9027,7927,1194,2232,423,55,475,1540,17,16,937,1936,0.282,0.36,0.529,0.889,147
Larry Hisle,0,25,24.6,24.8,14,1968,1982,2,1197,4780,4205,652,1146,193,32,166,674,128,61,462,941,0.273,0.347,0.452,0.799,123
Joe Rudi,0,25.4,23.7,24.6,16,1967,1982,3,1547,6077,5556,684,1468,287,39,179,810,25,15,369,870,0.264,0.311,0.427,0.738,112
Manny Mota,0,17.6,14.4,16,20,1962,1982,1,1536,4226,3779,496,1149,125,52,31,438,50,42,289,320,0.304,0.355,0.389,0.744,112
John Milner,0,12.5,11.8,12.1,12,1971,1982,0,1215,3985,3436,455,855,140,16,131,498,31,22,504,473,0.249,0.344,0.413,0.757,112
Minnie Minoso,0,50.5,39.9,45.2,17,1949,1980,9,1835,7712,6579,1136,1963,336,83,186,1023,205,130,814,584,0.298,0.389,0.459,0.848,130
Willie Horton,0,26.4,20.6,23.5,18,1963,1980,4,2028,8052,7298,873,1993,284,40,325,1163,20,38,620,1313,0.273,0.332,0.457,0.789,120
Roy White,0,46.8,37.1,41.9,15,1965,1979,2,1881,7735,6650,964,1803,300,51,160,758,233,117,934,708,0.271,0.36,0.404,0.764,121
Lou Brock,1,45.3,32.1,38.7,19,1961,1979,6,2616,11240,10332,1610,3023,486,141,149,900,938,307,761,1730,0.293,0.343,0.41,0.753,109
Rico Carty,0,32.6,27.5,30.1,15,1963,1979,1,1651,6318,5606,712,1677,278,17,204,890,21,26,642,663,0.299,0.369,0.464,0.833,132
Carlos May,0,10.5,12.2,11.3,10,1968,1977,2,1165,4723,4120,545,1127,172,23,90,536,85,53,512,565,0.274,0.357,0.392,0.749,111
Billy Williams,1,63.7,41.4,52.6,18,1959,1976,6,2488,10519,9350,1410,2711,434,88,426,1475,90,49,1045,1046,0.29,0.361,0.492,0.853,133
Tommy Harper,0,25.8,22.8,24.3,15,1962,1976,1,1810,7162,6269,972,1609,256,36,146,567,408,116,753,1080,0.257,0.338,0.379,0.717,101
Tommy Davis,0,20.4,20.7,20.6,18,1959,1976,3,1999,7736,7223,811,2121,272,35,153,1052,136,59,381,754,0.294,0.329,0.405,0.733,108
Cleon Jones,0,18.1,20.8,19.4,13,1963,1976,1,1213,4730,4263,565,1196,183,33,93,524,91,48,360,702,0.281,0.339,0.404,0.744,110
Alex Johnson,0,9.9,13.5,11.7,13,1964,1976,1,1322,4948,4623,550,1331,180,33,78,525,113,63,244,626,0.288,0.326,0.392,0.718,105
John Briggs,0,24,19.6,21.8,12,1964,1975,0,1366,4838,4117,601,1041,170,43,139,507,64,49,663,785,0.253,0.355,0.416,0.771,121
Gates Brown,0,9.9,10.8,10.4,13,1963,1975,0,1051,2545,2262,330,582,78,19,84,322,30,8,242,275,0.257,0.33,0.42,0.75,110
Rick Reichardt,0,14,14.3,14.2,11,1964,1974,0,997,3685,3307,391,864,109,24,116,445,40,41,263,672,0.261,0.326,0.414,0.74,115
Ivan Murrell,0,0.7,2,1.4,10,1963,1974,0,564,1372,1306,126,308,41,15,33,123,20,13,44,342,0.236,0.265,0.366,0.631,78
Frank Howard,0,37.6,29.1,33.4,16,1958,1973,4,1895,7352,6488,864,1774,245,35,382,1119,8,9,782,1460,0.273,0.352,0.499,0.851,142
Larry Stahl,0,2.3,2.9,2.6,10,1964,1973,0,730,1889,1721,167,400,58,19,36,163,22,16,142,357,0.232,0.292,0.351,0.643,86
Wally Moon,0,24.9,25.7,25.3,12,1954,1965,3,1457,5567,4843,737,1399,212,60,142,661,89,68,644,591,0.289,0.371,0.445,0.817,118
Ted Williams,1,123.1,69.2,96.1,19,1939,1960,19,2292,9788,7706,1798,2654,525,71,521,1839,24,17,2021,709,0.344,0.482,0.634,1.116,190
Whitey Lockman,0,18.3,19.6,19,15,1945,1960,1,1666,6591,5940,836,1658,222,49,114,563,43,40,552,383,0.279,0.342,0.391,0.732,95
Del Ennis,0,31.1,28.6,29.8,14,1946,1959,3,1903,7943,7254,985,2063,358,69,288,1284,45,36,597,719,0.284,0.34,0.472,0.812,117
Hank Sauer,0,25.5,22.6,24.1,15,1941,1959,2,1399,5412,4796,709,1278,200,19,288,876,11,12,561,714,0.266,0.347,0.496,0.843,123
Ralph Kiner,1,49.4,43.7,46.5,10,1946,1955,6,1472,6256,5205,971,1451,216,39,369,1015,22,18,1011,749,0.279,0.398,0.548,0.946,149
Charlie Keller,0,43.1,38.7,40.9,13,1939,1952,5,1170,4604,3790,725,1085,166,72,189,760,45,23,784,499,0.286,0.41,0.518,0.928,152
Augie Galan,0,41.1,32,36.5,16,1934,1949,3,1742,7005,5937,1004,1706,336,74,100,830,123,25,979,393,0.287,0.39,0.419,0.81,122
Joe Medwick,1,55.6,39.7,47.7,17,1932,1948,10,1984,8143,7635,1198,2471,540,113,205,1383,42,16,437,551,0.324,0.362,0.505,0.867,134
Johnny Damon,0,56.4,33,44.7,18,1995,2012,2,2490,10917,9736,1668,2769,522,109,235,1139,408,103,1003,1257,0.284,0.352,0.433,0.785,104
Mike Cameron,0,46.7,32.6,39.7,17,1995,2011,1,1955,7884,6839,1064,1700,383,59,278,968,297,83,867,1901,0.249,0.338,0.444,0.782,106
Ken Griffey Jr.,1,83.8,54,68.9,22,1989,2010,13,2671,11304,9801,1662,2781,524,38,630,1836,184,69,1312,1779,0.284,0.37,0.538,0.907,136
Jim Edmonds,0,60.4,42.6,51.5,17,1993,2010,4,2011,7980,6858,1251,1949,437,25,393,1199,67,50,998,1729,0.284,0.376,0.527,0.903,132
Randy Winn,0,27.6,24.7,26.2,13,1998,2010,1,1717,6878,6186,863,1759,367,59,110,662,215,84,526,1010,0.284,0.343,0.416,0.759,99
Darin Erstad,0,32.4,28.9,30.6,14,1996,2009,2,1654,6628,6024,913,1697,316,33,124,699,179,58,475,939,0.282,0.336,0.407,0.743,93
Kenny Lofton,0,68.3,43.4,55.9,17,1991,2007,6,2103,9235,8120,1528,2428,383,116,130,781,622,160,945,1016,0.299,0.372,0.423,0.794,107
Steve Finley,0,44.3,32.1,38.2,19,1989,2007,2,2583,10460,9397,1443,2548,449,124,304,1167,320,118,844,1299,0.271,0.332,0.442,0.775,104
Bernie Williams,0,49.6,37.6,43.6,16,1991,2006,5,2076,9053,7869,1366,2336,449,55,287,1257,147,87,1069,1212,0.297,0.381,0.477,0.858,125
Marquis Grissom,0,29.6,27.5,28.5,17,1989,2005,2,2165,8959,8275,1187,2251,386,56,227,967,429,116,553,1240,0.272,0.318,0.415,0.732,92
Ellis Burks,0,49.8,32,40.9,18,1987,2004,2,2000,8177,7232,1253,2107,402,63,352,1206,181,84,793,1340,0.291,0.363,0.51,0.874,126
Ray Lankford,0,38.2,31.5,34.8,14,1990,2004,1,1701,6675,5747,968,1561,356,54,238,874,258,117,828,1550,0.272,0.364,0.477,0.84,123
Brady Anderson,0,35,30.2,32.6,15,1988,2002,3,1834,7737,6499,1062,1661,338,67,210,761,315,100,960,1190,0.256,0.362,0.425,0.787,109
Devon White,0,47.3,35.5,41.4,17,1985,2001,3,1941,8080,7344,1125,1934,378,71,208,846,346,98,541,1526,0.263,0.319,0.419,0.739,98
Eric Davis,0,36.1,30.1,33.1,17,1984,2001,2,1626,6147,5321,938,1430,239,26,282,934,349,66,740,1398,0.269,0.359,0.482,0.841,125
Chili Davis,0,38.2,24.7,31.5,19,1981,1999,3,2435,9997,8673,1240,2380,424,30,350,1372,142,98,1194,1698,0.274,0.36,0.451,0.811,121
Willie McGee,0,34.2,28.7,31.5,18,1982,1999,4,2201,8188,7649,1010,2254,350,94,79,856,352,121,448,1238,0.295,0.333,0.396,0.729,100
Otis Nixon,0,16.6,14.6,15.6,17,1983,1999,0,1709,5800,5115,878,1379,142,27,11,318,620,186,585,694,0.27,0.343,0.314,0.658,77
Brett Butler,0,49.7,35.4,42.6,17,1981,1997,1,2213,9545,8180,1359,2375,277,131,54,578,558,257,1129,907,0.29,0.377,0.376,0.753,110
Andre Dawson,1,64.8,42.7,53.7,21,1976,1996,8,2627,10769,9927,1373,2774,503,98,438,1591,314,109,589,1509,0.279,0.323,0.482,0.806,119
Lenny Dykstra,0,42.5,33,37.7,12,1985,1996,3,1278,5282,4559,802,1298,281,43,81,404,285,72,640,503,0.285,0.375,0.419,0.793,120
Kirby Puckett,1,51.1,37.6,44.4,12,1984,1995,10,1783,7831,7244,1071,2304,414,57,207,1085,134,76,450,965,0.318,0.36,0.477,0.837,124
Andy Van Slyke,0,41.3,32.9,37.1,13,1983,1995,3,1658,6495,5711,835,1562,293,91,164,792,245,59,667,1063,0.274,0.349,0.443,0.792,119
Willie Wilson,0,46.1,34,40.1,19,1976,1994,2,2154,8317,7731,1169,2207,281,147,41,585,668,134,425,1144,0.285,0.326,0.376,0.702,94
Dave Henderson,0,27.6,27,27.3,14,1981,1994,1,1538,5677,5130,710,1324,286,17,197,708,50,38,465,1105,0.258,0.32,0.436,0.756,108
Dale Murphy,0,46.5,41.2,43.9,18,1976,1993,7,2180,9041,7960,1197,2111,350,39,398,1266,161,68,986,1748,0.265,0.346,0.469,0.815,121
Chet Lemon,0,55.6,37.2,46.4,16,1975,1990,3,1988,7874,6868,973,1875,396,61,215,884,58,76,749,1024,0.273,0.355,0.442,0.797,121
Fred Lynn,0,50.2,38.4,44.3,17,1974,1990,9,1969,7923,6925,1063,1960,388,43,306,1111,72,54,857,1116,0.283,0.36,0.484,0.845,129
George Hendrick,0,29.1,24.2,26.6,18,1971,1988,4,2048,7834,7129,941,1980,343,27,267,1111,59,47,567,1013,0.278,0.329,0.446,0.775,117
Cesar Cedeno,0,52.8,41.4,47.1,17,1970,1986,4,2006,8133,7310,1084,2087,436,60,199,976,550,179,664,938,0.285,0.347,0.443,0.79,123
Garry Maddox,0,36.8,30.4,33.6,15,1972,1986,0,1749,6777,6331,777,1802,337,62,117,754,248,92,323,781,0.285,0.32,0.413,0.733,101
Gorman Thomas,0,19.8,21.4,20.6,13,1973,1986,1,1436,5486,4677,681,1051,212,13,268,782,50,49,697,1339,0.225,0.324,0.448,0.772,114
Al Oliver,0,43.7,28.1,35.9,18,1968,1985,7,2368,9778,9049,1189,2743,529,77,219,1326,84,64,535,756,0.303,0.344,0.451,0.795,121
Al Bumbry,0,24.5,22.1,23.3,14,1972,1985,1,1496,5619,5053,778,1422,220,52,54,402,254,92,471,709,0.281,0.343,0.378,0.721,104
Amos Otis,0,42.8,32.5,37.7,17,1967,1984,5,1998,8247,7299,1092,2020,374,66,193,1007,341,93,757,1008,0.277,0.343,0.425,0.768,115
Mickey Rivers,0,32.7,27.7,30.2,15,1970,1984,1,1468,6026,5629,785,1660,247,71,61,499,267,90,266,471,0.295,0.327,0.397,0.724,106
Rick Monday,0,33.1,22.9,28,19,1966,1984,2,1986,7162,6136,950,1619,248,64,241,775,98,91,924,1513,0.264,0.361,0.443,0.804,125
Tony Scott,0,4.4,6.4,5.4,11,1973,1984,0,991,3048,2803,331,699,111,28,17,253,125,69,186,464,0.249,0.297,0.327,0.625,74
Bobby Murcer,0,32.1,29.8,30.9,17,1965,1983,5,1908,7718,6730,972,1862,285,45,252,1043,127,75,862,841,0.277,0.357,0.445,0.802,124
Cesar Geronimo,0,12.9,13.4,13.2,15,1969,1983,0,1522,4229,3780,460,977,161,50,51,392,82,40,354,746,0.258,0.325,0.368,0.693,93
Del Unser,0,16.8,17.2,17,15,1968,1982,0,1799,5813,5215,617,1344,179,42,87,481,64,60,481,675,0.258,0.319,0.358,0.677,94
Paul Blair,0,37.8,35.4,36.6,17,1964,1980,2,1947,6673,6042,776,1513,282,55,134,620,171,93,449,877,0.25,0.302,0.382,0.684,96
Jose Cardenal,0,20.7,17.2,18.9,18,1963,1980,0,2017,7698,6964,936,1913,333,46,138,775,329,137,608,807,0.275,0.333,0.395,0.728,103
Vic Davalillo,0,15.7,15.9,15.8,16,1963,1980,1,1458,4296,4017,510,1122,160,37,36,329,125,58,212,422,0.279,0.315,0.364,0.68,94
Bobby Tolan,0,10.1,16.7,13.4,13,1965,1979,0,1282,4664,4238,572,1121,173,34,86,497,193,100,258,587,0.265,0.314,0.382,0.696,95
Mickey Stanley,0,17.3,14.7,16,15,1964,1978,0,1516,5477,5022,641,1243,201,48,117,500,44,23,371,564,0.248,0.298,0.377,0.675,90
Jim Wynn,0,55.9,43.4,49.6,15,1963,1977,3,1920,8011,6653,1105,1665,285,39,291,964,225,101,1224,1427,0.25,0.366,0.436,0.802,129
Cesar Tovar,0,28.2,25.9,27,12,1965,1976,0,1488,6177,5569,834,1546,253,55,46,435,226,108,413,410,0.278,0.335,0.368,0.703,100
Vada Pinson,0,54.3,40,47.2,18,1958,1975,4,2469,10403,9645,1365,2757,485,127,256,1169,305,122,574,1196,0.286,0.327,0.442,0.769,111
Ken Berry,0,15.3,15,15.1,14,1962,1975,1,1384,4545,4136,422,1053,150,23,58,343,45,46,298,569,0.255,0.308,0.344,0.652,91
Matty Alou,0,23,23.4,23.2,15,1960,1974,2,1667,6220,5789,780,1777,236,50,31,427,156,80,311,377,0.307,0.345,0.381,0.726,105
Jim Hickman,0,13.1,12.5,12.8,13,1962,1974,1,1421,4536,3974,518,1002,163,25,159,560,17,19,491,832,0.252,0.335,0.426,0.76,108
Jim Gosger,0,2.3,4.9,3.6,10,1963,1974,0,705,2066,1815,197,411,67,16,30,177,25,18,217,316,0.226,0.309,0.331,0.64,83
Willie Mays,1,156.4,73.7,115,22,1951,1973,24,2992,12496,10881,2062,3283,523,140,660,1903,338,103,1464,1526,0.302,0.384,0.557,0.941,156
Tommie Agee,0,25.4,26.3,25.9,12,1962,1973,2,1130,4324,3912,558,999,170,27,130,433,167,81,342,918,0.255,0.32,0.412,0.732,109
Curt Flood,0,41.9,32.8,37.3,15,1956,1971,3,1759,6957,6357,851,1861,271,44,85,636,88,73,444,609,0.293,0.342,0.389,0.732,100
Mickey Mantle,1,110.3,64.8,87.6,18,1951,1968,20,2401,9907,8102,1676,2415,344,72,536,1509,153,38,1733,1710,0.298,0.421,0.557,0.977,172
Bill Virdon,0,19.7,17.7,18.7,12,1955,1968,0,1583,6521,5980,735,1596,237,81,91,502,47,54,442,647,0.267,0.316,0.379,0.696,89
Duke Snider,1,66.3,49.9,58.1,18,1947,1964,8,2143,8237,7161,1259,2116,358,85,407,1333,99,73,971,1237,0.295,0.38,0.54,0.919,140
Bill Bruton,0,26.1,19.4,22.7,12,1953,1964,0,1610,6671,6056,937,1651,241,102,94,545,207,89,482,793,0.273,0.328,0.393,0.72,96
Richie Ashburn,0,63.9,44.5,54.2,15,1948,1962,6,2189,9736,8365,1322,2574,317,109,29,586,234,117,1198,571,0.308,0.396,0.382,0.778,111
Bobby Thomson,0,33.3,27,30.1,15,1946,1960,3,1779,6960,6305,903,1705,267,74,264,1026,38,33,559,804,0.27,0.332,0.462,0.794,110
Larry Doby,0,49.6,39.6,44.6,13,1947,1959,7,1533,6299,5348,960,1515,243,52,253,970,47,36,871,1011,0.283,0.386,0.49,0.876,136
Andy Pafko,0,36.8,29.7,33.2,17,1943,1959,5,1852,7027,6292,844,1796,264,62,213,976,38,47,561,477,0.285,0.35,0.449,0.799,117
Dom DiMaggio,0,32,26.7,29.3,11,1940,1953,7,1399,6478,5640,1046,1680,308,57,87,618,100,62,750,571,0.298,0.383,0.419,0.802,110
Terry Moore,0,18.9,17.3,18.1,11,1935,1948,4,1298,5206,4700,719,1318,263,28,80,513,82,8,406,368,0.28,0.34,0.399,0.739,99
Vladimir Guerrero,1,59.4,41.2,50.3,16,1996,2011,9,2147,9059,8155,1328,2590,477,46,449,1496,181,94,737,985,0.318,0.379,0.553,0.931,140
J.D. Drew,0,44.9,32.1,38.5,14,1998,2011,1,1566,6153,5173,944,1437,273,48,242,795,87,37,862,1137,0.278,0.384,0.489,0.873,125
Magglio Ordonez,0,38.7,32,35.4,15,1997,2011,6,1848,7745,6978,1076,2156,426,21,294,1236,94,50,651,852,0.309,0.369,0.502,0.871,125
Matt Stairs,0,14.2,12.9,13.5,19,1992,2011,0,1895,6024,5204,770,1366,294,13,265,899,30,24,717,1122,0.262,0.356,0.477,0.832,117
Brian Giles,0,51.1,37.4,44.2,15,1995,2009,2,1847,7836,6527,1121,1897,411,55,287,1078,109,45,1183,835,0.291,0.4,0.502,0.902,136
Jermaine Dye,0,20.3,23.3,21.8,14,1996,2009,2,1763,7214,6487,984,1779,363,25,325,1072,46,26,597,1308,0.274,0.338,0.488,0.826,111
Reggie Sanders,0,39.8,26.7,33.2,17,1991,2007,1,1777,7043,6241,1037,1666,341,60,305,983,304,115,674,1614,0.267,0.343,0.487,0.83,115
Shawn Green,0,34.7,31.5,33.1,15,1993,2007,2,1951,7963,7082,1129,2003,445,35,328,1070,162,52,744,1315,0.283,0.355,0.494,0.85,120
Tim Salmon,0,40.6,31.6,36.1,14,1992,2006,0,1672,7039,5934,986,1674,339,24,299,1016,48,42,970,1360,0.282,0.385,0.498,0.884,128
Brian Jordan,0,32.9,30.4,31.7,15,1992,2006,1,1456,5646,5160,755,1454,267,37,184,821,119,48,353,842,0.282,0.333,0.455,0.788,105
Jeromy Burnitz,0,19.8,18.6,19.2,14,1993,2006,1,1694,6580,5710,917,1447,298,29,315,981,74,58,739,1376,0.253,0.345,0.481,0.826,112
Ruben Sierra,0,16.8,20.5,18.7,20,1986,2006,4,2186,8782,8044,1084,2152,428,59,306,1322,142,52,610,1239,0.268,0.315,0.45,0.765,105
Juan Gonzalez,0,38.7,29.2,33.9,17,1989,2005,3,1689,7155,6556,1061,1936,388,25,434,1404,26,19,457,1273,0.295,0.343,0.561,0.904,132
Raul Mondesi,0,29.5,25.6,27.5,13,1993,2005,1,1525,6369,5814,909,1589,319,49,271,860,229,92,475,1130,0.273,0.331,0.485,0.815,113
David Justice,0,40.6,29.5,35,14,1989,2002,3,1610,6602,5625,929,1571,280,24,305,1017,53,46,903,999,0.279,0.378,0.5,0.878,129
Tony Gwynn,1,69.2,41.3,55.2,20,1982,2001,15,2440,10232,9288,1383,3141,543,85,135,1138,319,125,790,434,0.338,0.388,0.459,0.847,132
Jose Canseco,0,42.5,29.7,36.1,17,1985,2001,6,1887,8129,7057,1186,1877,340,14,462,1407,200,88,906,1942,0.266,0.353,0.515,0.867,132
Paul O'Neill,0,38.9,27.4,33.2,17,1985,2001,5,2053,8329,7318,1041,2105,451,21,281,1269,141,73,892,1166,0.288,0.363,0.47,0.833,120
Harold Baines,0,38.7,21.4,30.1,22,1980,2001,6,2830,11092,9908,1299,2866,488,49,384,1628,34,34,1062,1441,0.289,0.356,0.465,0.82,121
Jay Buhner,0,23,19.1,21,15,1987,2001,1,1472,5927,5013,797,1273,233,19,310,965,6,24,792,1406,0.254,0.359,0.494,0.852,124
Dante Bichette,0,5.7,8.1,6.9,14,1988,2001,4,1704,6856,6381,934,1906,401,27,274,1141,152,73,355,1078,0.299,0.336,0.499,0.835,107
Darryl Strawberry,0,42.2,34.8,38.5,17,1983,1999,8,1583,6326,5418,898,1401,256,38,335,1000,221,99,816,1352,0.259,0.357,0.505,0.862,138
Joe Carter,0,19.6,21.5,20.5,16,1983,1998,5,2189,9154,8422,1170,2184,432,53,396,1445,231,66,527,1387,0.259,0.306,0.464,0.771,105
Jim Eisenreich,0,13.2,14.5,13.9,15,1982,1998,0,1422,4391,3995,492,1160,221,39,52,477,105,38,324,435,0.29,0.341,0.404,0.746,103
Danny Tartabull,0,23.3,20.5,21.9,14,1984,1997,1,1406,5842,5011,756,1366,289,22,262,925,37,30,768,1362,0.273,0.368,0.496,0.864,133
Dave Winfield,1,64.2,37.9,51.1,22,1973,1995,12,2973,12358,11003,1669,3110,540,88,465,1833,223,96,1216,1686,0.283,0.353,0.475,0.827,130
Kirk Gibson,0,38.4,29.9,34.2,17,1979,1995,0,1635,6656,5798,985,1553,260,54,255,870,284,78,718,1285,0.268,0.352,0.463,0.815,123
Jack Clark,0,53.1,31.4,42.2,18,1975,1992,4,1994,8230,6847,1118,1826,332,39,340,1180,77,61,1262,1441,0.267,0.379,0.476,0.854,137
Dwight Evans,0,67.1,37.3,52.2,20,1972,1991,3,2606,10569,8996,1470,2446,483,73,385,1384,78,59,1391,1697,0.272,0.37,0.47,0.84,127
Dave Parker,0,40.1,37.4,38.7,19,1973,1991,7,2466,10184,9358,1272,2712,526,75,339,1493,154,113,683,1537,0.29,0.339,0.471,0.81,121
Ken Griffey,0,34.5,23.6,29.1,19,1973,1991,3,2097,8049,7229,1129,2143,364,77,152,859,200,83,719,898,0.296,0.359,0.431,0.79,118
Terry Puhl,0,28.4,23.7,26.1,15,1977,1991,1,1531,5480,4855,676,1361,226,56,62,435,217,99,505,507,0.28,0.349,0.388,0.737,112
Claudell Washington,0,19.6,17.9,18.7,17,1974,1990,2,1912,7367,6787,926,1884,334,69,164,824,312,134,468,1266,0.278,0.325,0.42,0.745,106
Greg Gross,0,12.5,13.4,12.9,17,1973,1989,0,1809,4355,3745,449,1073,130,46,7,308,39,44,523,250,0.287,0.372,0.351,0.723,103
Reggie Jackson,1,74,46.8,60.4,21,1967,1987,14,2820,11418,9864,1551,2584,463,49,563,1702,228,115,1375,2597,0.262,0.356,0.49,0.846,139
Rusty Staub,0,45.8,33.3,39.6,23,1963,1985,6,2951,11229,9720,1189,2716,499,47,292,1466,47,33,1255,888,0.279,0.362,0.431,0.793,124
Oscar Gamble,0,22.9,20.1,21.5,17,1969,1985,0,1584,5197,4502,656,1195,188,31,200,666,47,37,610,546,0.265,0.356,0.454,0.811,127
Ellis Valentine,0,17.1,17.4,17.3,10,1975,1985,1,894,3392,3166,380,881,169,15,123,474,59,37,180,462,0.278,0.315,0.458,0.773,113
Jeff Burroughs,0,17.8,16.4,17.1,16,1970,1985,2,1689,6449,5536,720,1443,230,20,240,882,16,22,831,1135,0.261,0.355,0.439,0.795,121
Ken Singleton,0,41.8,33.8,37.8,15,1970,1984,3,2082,8559,7189,985,2029,317,25,246,1065,21,36,1263,1246,0.282,0.388,0.436,0.824,132
Champ Summers,0,3,4.3,3.7,11,1974,1984,0,698,1593,1371,199,350,63,4,54,218,15,13,188,244,0.255,0.35,0.425,0.776,112
Bake McBride,0,22.7,22.5,22.6,11,1973,1983,1,1071,4202,3853,548,1153,167,55,63,430,183,63,248,457,0.299,0.345,0.42,0.765,109
Terry Crowley,0,2.2,3.5,2.9,15,1969,1983,0,865,1768,1518,174,379,62,1,42,229,3,0,222,181,0.25,0.345,0.375,0.72,104
Reggie Smith,0,64.6,38.7,51.7,17,1966,1982,7,1987,8051,7033,1123,2020,363,57,314,1092,137,86,890,1030,0.287,0.366,0.489,0.855,137
Bobby Bonds,0,57.9,41.1,49.5,14,1968,1981,3,1849,8090,7043,1258,1886,302,66,332,1024,461,169,914,1757,0.268,0.353,0.471,0.824,129
Jesus Alou,0,0.7,5.6,3.2,15,1963,1979,0,1380,4577,4345,448,1216,170,26,32,377,31,46,138,267,0.28,0.305,0.353,0.658,86
Hank Aaron,1,143,60.3,101.7,23,1954,1976,25,3298,13941,12364,2174,3771,624,98,755,2297,240,73,1402,1383,0.305,0.374,0.555,0.928,155
Frank Robinson,1,107.3,52.9,80.1,21,1956,1976,14,2808,11742,10006,1829,2943,528,72,586,1812,204,77,1420,1532,0.294,0.389,0.537,0.926,154
Tony Oliva,0,43.1,38.6,40.8,15,1962,1976,8,1676,6880,6301,870,1917,329,48,220,947,86,55,448,645,0.304,0.353,0.476,0.83,131
Jim Northrup,0,22.2,21.5,21.8,12,1964,1975,0,1392,5215,4692,603,1254,218,42,153,610,39,38,449,635,0.267,0.333,0.429,0.763,116
Al Kaline,1,92.8,48.8,70.8,22,1953,1974,18,2834,11596,10116,1622,3007,498,75,399,1582,137,65,1277,1020,0.297,0.376,0.48,0.855,134
Felipe Alou,0,42.2,33.9,38,17,1958,1974,3,2082,7907,7339,985,2101,359,49,206,852,107,67,423,706,0.286,0.328,0.433,0.761,113
Norm Miller,0,1.2,2.2,1.7,10,1965,1974,0,540,1561,1364,166,325,68,10,24,159,16,10,160,265,0.238,0.323,0.356,0.678,94
Andy Kosco,0,0.6,1.9,1.2,10,1965,1974,0,658,2102,1963,204,464,75,8,73,267,5,8,99,350,0.236,0.273,0.394,0.667,92
Johnny Callison,0,38.5,34.4,36.5,16,1958,1973,4,1886,7437,6652,926,1757,321,89,226,840,74,51,650,1064,0.264,0.331,0.441,0.773,115
Rocky Colavito,0,44.5,35.3,39.9,14,1955,1968,9,1841,7559,6503,971,1730,283,21,374,1159,19,27,951,880,0.266,0.359,0.489,0.848,132
Roger Maris,0,38.2,32.3,35.2,12,1957,1968,7,1463,5847,5101,826,1325,195,42,275,850,21,9,652,733,0.26,0.345,0.476,0.822,127
Stan Musial,1,128.2,64.1,96.2,22,1941,1963,24,3026,12718,10972,1949,3630,725,177,475,1951,78,71,1599,696,0.331,0.417,0.559,0.976,159
Vic Wertz,0,27.4,22,24.7,17,1947,1963,4,1862,7027,6099,867,1692,289,42,266,1178,9,19,828,842,0.277,0.364,0.469,0.833,121
Hank Bauer,0,27.3,25.6,26.4,14,1948,1961,3,1544,5777,5145,833,1424,229,57,164,703,50,33,521,638,0.277,0.346,0.439,0.785,113
Jackie Jensen,0,27.9,24.8,26.3,11,1950,1961,3,1438,6077,5236,810,1463,259,45,199,929,143,55,750,546,0.279,0.369,0.46,0.829,120
Elmer Valo,0,28.1,22.2,25.2,20,1940,1961,0,1806,6091,5029,768,1420,228,73,58,601,110,79,942,284,0.282,0.398,0.391,0.79,115
Carl Furillo,0,35.1,26,30.6,15,1946,1960,2,1806,7022,6378,895,1910,324,56,192,1058,48,50,514,436,0.299,0.355,0.458,0.813,112
Enos Slaughter,0,55.3,35.2,45.3,19,1938,1959,10,2380,9086,7946,1247,2383,413,148,169,1304,71,55,1018,538,0.3,0.382,0.453,0.834,124
Wally Moses,0,33,24.3,28.7,17,1935,1951,2,2012,8253,7356,1124,2138,435,110,89,679,174,81,821,457,0.291,0.364,0.416,0.779,109
Tommy Henrich,0,35.7,28.1,31.9,11,1937,1950,5,1284,5409,4603,901,1297,269,73,183,795,37,19,712,383,0.282,0.382,0.491,0.873,132
Dixie Walker,0,42.7,30.3,36.5,18,1931,1949,5,1905,7669,6740,1038,2064,376,96,105,1023,59,36,817,325,0.306,0.383,0.437,0.82,121
Mike Ryan,0,-1.2,1,-0.1,11,1964,1974,0,636,2099,1920,146,370,60,12,28,161,4,4,152,370,0.193,0.252,0.28,0.532,51
Jeff Torborg,0,0.4,1.4,0.9,10,1964,1973,0,574,1525,1391,78,297,42,3,8,101,3,6,103,189,0.214,0.268,0.265,0.533,57
John Kennedy,0,-2.8,1.1,-0.8,12,1962,1974,0,856,2324,2110,237,475,77,17,32,185,14,10,142,461,0.225,0.281,0.323,0.604,70
Jimmy Stewart,0,-1.2,1.2,0,10,1963,1973,0,777,1602,1420,164,336,45,14,8,112,38,20,139,218,0.237,0.306,0.305,0.611,71
John Boccabella,0,-0.3,1.8,0.8,12,1963,1974,0,551,1598,1462,117,320,56,5,26,148,3,7,96,246,0.219,0.267,0.317,0.584,62
Jim Beauchamp,0,-1.5,0.1,-0.7,10,1963,1973,0,393,730,661,79,153,18,4,14,90,6,5,54,150,0.231,0.288,0.334,0.622,75
John Stephenson,0,-2.2,0.5,-0.8,10,1964,1973,0,451,1076,989,83,214,37,3,12,93,0,1,63,118,0.216,0.271,0.296,0.567,65
Roberto Clemente,1,94.5,54.2,74.3,18,1955,1972,15,2433,10211,9454,1416,3000,440,166,240,1305,83,46,621,1230,0.317,0.359,0.475,0.834,130