Name,HoF,WAR,WAR7,JAWS,Yrs,From,To,ASG,W,L,W-L%,ERA,ERA+,G,GS,GF,CG,SHO,SV,IP,H,R,ER,HR,BB,IBB,SO,HBP,BK,WP,BF
Johan Santana,0,51.6,45,48.3,12,2000,2012,4,139,78,0.641,3.2,136,360,284,23,15,10,1,2025.2,1726,773,721,220,567,13,1988,36,12,68,8262
Jamie Moyer,0,49.9,32.9,41.4,25,1986,2012,1,269,209,0.563,4.25,103,696,638,15,33,10,0,4074,4231,2076,1926,522,1155,69,2441,146,12,57,17356
Carlos Zambrano,0,44,38.4,41.2,12,2001,2012,3,132,91,0.592,3.66,120,354,302,11,10,5,0,1959,1709,879,797,161,898,41,1637,102,5,58,8389
Chris Carpenter,0,34.1,29.4,31.8,15,1997,2012,3,144,94,0.605,3.76,116,350,332,6,33,15,0,2219.1,2205,1021,927,220,627,23,1697,85,3,51,9305
Livan Hernandez,0,30.2,27.5,28.9,17,1996,2012,2,178,177,0.501,4.44,95,519,474,17,50,9,1,3189,3525,1686,1572,362,1066,86,1976,78,13,41,13816
Kevin Millwood,0,29.8,24.9,27.4,16,1997,2012,1,169,152,0.526,4.11,106,451,443,3,22,6,0,2720.1,2770,1357,1243,296,843,46,2083,74,4,67,11616
Tim Wakefield,0,34.3,24.7,29.5,19,1992,2011,1,200,180,0.526,4.41,105,627,463,78,33,6,22,3226.1,3152,1791,1582,418,1205,33,2156,186,8,134,13939
Mike Hampton,0,28.3,25.3,26.8,16,1993,2010,2,148,115,0.563,4.06,107,419,355,12,21,9,1,2268.1,2370,1157,1024,200,901,49,1387,49,13,75,9824
Randy Johnson,1,101.1,61.5,81.3,22,1988,2009,10,303,166,0.646,3.29,135,618,603,7,100,37,2,4135.1,3346,1703,1513,411,1497,37,4875,190,33,109,17067
Pedro Martinez,1,84,58.3,71.2,18,1992,2009,8,219,100,0.687,2.93,154,476,409,23,46,17,3,2827.1,2221,1006,919,239,760,30,3154,141,6,62,11394
John Smoltz,1,69.1,38.8,53.9,21,1988,2009,8,213,155,0.579,3.33,125,723,481,204,53,16,154,3473,3074,1391,1284,288,1010,84,3084,57,16,145,14271
Jason Schmidt,0,29.6,27.2,28.4,14,1995,2009,3,130,96,0.575,3.96,110,323,314,1,20,9,0,1996.1,1846,958,878,184,792,35,1758,52,11,93,8532
Greg Maddux,1,106.7,56.3,81.5,23,1986,2008,8,355,227,0.61,3.16,132,744,740,3,109,35,0,5008.1,4726,1981,1756,353,999,177,3371,137,28,70,20421
Tom Glavine,1,80.8,44.2,62.5,22,1987,2008,10,305,203,0.6,3.54,118,682,682,0,56,25,0,4413.1,4298,1900,1734,356,1500,145,2607,66,7,65,18604
Kenny Rogers,0,50.7,35.2,43,20,1989,2008,4,219,156,0.584,4.27,107,762,474,133,36,9,28,3302.2,3457,1739,1568,339,1175,53,1968,127,23,79,14280
David Wells,0,53.6,31.5,42.5,21,1987,2007,3,239,157,0.604,4.13,108,660,489,65,54,12,13,3439,3635,1702,1578,407,719,65,2201,83,17,101,14413
Woody Williams,0,30.3,22,26.1,15,1993,2007,1,132,116,0.532,4.19,103,424,330,34,10,2,0,2216.1,2217,1096,1031,309,711,40,1480,72,6,58,9475
Brad Radke,0,45.4,36.2,40.8,12,1995,2006,1,148,139,0.516,4.22,113,378,377,0,37,10,0,2451,2643,1233,1150,326,445,12,1467,62,3,28,10244
Kevin Brown,0,68,45.2,56.6,19,1986,2005,6,211,144,0.594,3.28,127,486,476,1,72,17,0,3256.1,3079,1357,1185,208,901,42,2397,139,15,108,13542
Al Leiter,0,40.1,32.5,36.3,19,1987,2005,2,162,132,0.551,3.8,112,419,382,9,16,10,2,2391,2152,1101,1010,198,1163,53,1974,117,20,63,10334
Kevin Appier,0,54.7,43.2,48.9,16,1989,2004,1,169,137,0.552,3.74,121,414,402,2,34,12,0,2595.1,2425,1168,1078,232,933,51,1994,79,7,106,10958
Pat Hentgen,0,32.7,30.6,31.6,14,1991,2004,3,131,112,0.539,4.32,108,344,306,15,34,10,1,2075.1,2111,1076,996,269,775,29,1290,49,10,66,8925
David Cone,0,62.4,43.5,52.9,17,1986,2003,5,194,126,0.606,3.46,121,450,419,9,56,22,1,2898.2,2504,1222,1115,258,1137,42,2668,106,32,149,12184
Chuck Finley,0,58.1,39.6,48.9,17,1986,2002,5,200,173,0.536,3.85,115,524,467,24,63,15,0,3197.1,3069,1517,1366,304,1332,36,2610,76,22,130,13638
Jose Rijo,0,36.6,37.4,37,14,1984,2002,1,116,91,0.56,3.24,121,376,269,43,22,4,3,1880,1710,772,676,147,663,34,1606,28,28,30,7867
Todd Stottlemyre,0,23,20.8,21.9,14,1988,2002,0,138,121,0.533,4.28,100,372,339,12,25,6,1,2191.2,2200,1130,1042,246,816,49,1587,83,10,64,9441
Darryl Kile,0,20.2,21.1,20.7,12,1991,2002,3,133,119,0.528,4.12,104,359,331,8,28,9,0,2165.1,2135,1099,992,214,918,41,1668,117,19,97,9429
Bret Saberhagen,0,59,43.3,51.1,16,1984,2001,3,167,117,0.588,3.34,126,399,371,13,76,16,1,2562.2,2452,1036,952,218,471,34,1715,59,12,53,10421
Orel Hershiser,0,56.3,40.1,48.2,18,1983,2000,3,204,150,0.576,3.48,112,510,466,19,68,25,5,3130.1,2939,1366,1211,235,1007,108,2014,117,23,121,13150
Dwight Gooden,0,53,39,46,16,1984,2000,4,194,112,0.634,3.51,111,430,410,4,68,24,3,2800.2,2564,1198,1091,210,954,42,2293,78,33,76,11705
Alex Fernandez,0,28.6,26.9,27.7,10,1990,2000,0,107,87,0.552,3.74,115,263,261,1,33,10,0,1760.1,1693,804,731,190,552,29,1252,35,2,38,7370
Mark Langston,0,50.3,41.4,45.9,16,1984,1999,4,179,158,0.531,3.97,107,457,428,3,81,18,0,2962.2,2723,1438,1306,311,1289,34,2464,46,22,89,12562
Tom Candiotti,0,41.3,34,37.6,16,1983,1999,0,151,164,0.479,3.73,108,451,410,11,68,11,0,2725,2662,1299,1130,250,883,31,1735,85,27,120,11568
Jack McDowell,0,28,25.1,26.5,12,1987,1999,3,127,87,0.593,3.85,111,277,275,0,62,13,0,1889,1854,874,809,173,606,29,1311,48,5,63,7966
Jim Abbott,0,19.7,22.6,21.1,10,1989,1999,0,87,108,0.446,4.25,99,263,254,5,31,6,0,1674,1779,880,791,154,620,30,888,32,11,53,7211
Dave Stieb,0,56.7,44.6,50.7,16,1979,1998,7,176,137,0.562,3.44,122,443,412,14,103,30,3,2895.1,2572,1225,1106,225,1034,36,1669,129,14,51,12072
Jimmy Key,0,49.1,36.6,42.9,15,1984,1998,5,186,117,0.614,3.51,122,470,389,28,34,13,10,2591.2,2518,1104,1010,254,668,29,1538,38,12,50,10719
Dennis Martinez,0,49,33.4,41.2,23,1976,1998,4,245,193,0.559,3.7,106,692,562,51,122,30,8,3999.2,3897,1835,1643,372,1165,71,2149,122,30,83,16754
Danny Darwin,0,39.8,27.3,33.6,21,1978,1998,0,171,182,0.484,3.84,106,716,371,171,53,9,32,3016.2,2951,1431,1286,321,874,101,1942,81,17,52,12716
Doug Drabek,0,29.3,26.7,28,13,1986,1998,1,155,134,0.536,3.73,101,398,387,4,53,21,0,2535,2448,1141,1052,246,704,56,1594,53,6,80,10518
Bob Tewksbury,0,20.9,20.9,20.9,13,1986,1998,1,110,102,0.519,3.92,104,302,277,8,31,7,1,1807,2043,884,787,142,292,22,812,41,7,24,7623
Fernando Valenzuela,0,41.6,33.6,37.6,17,1980,1997,6,173,153,0.531,3.54,104,453,424,10,113,31,2,2930,2718,1303,1154,226,1151,65,2074,25,11,119,12398
Sid Fernandez,0,32.8,25.8,29.3,15,1983,1997,2,114,96,0.543,3.36,111,307,300,2,25,9,1,1866.2,1421,749,696,191,715,33,1743,41,19,22,7668
Danny Jackson,0,17.3,23.4,20.3,15,1983,1997,2,112,131,0.461,4.01,100,353,324,11,44,15,1,2072.2,2110,1061,923,133,816,39,1225,50,12,47,8986
Frank Viola,0,47.2,41.3,44.3,15,1982,1996,3,176,150,0.54,3.73,112,421,420,0,74,16,0,2836.1,2827,1303,1175,294,864,39,1844,48,12,86,11933
Scott Sanderson,0,27.8,20.7,24.3,19,1978,1996,1,163,143,0.533,3.84,102,472,407,18,43,14,5,2561.2,2590,1209,1093,297,625,51,1611,43,22,39,10709
Dave Stewart,0,26.5,24.1,25.3,16,1978,1995,1,168,129,0.566,3.95,100,523,348,87,55,9,19,2629.2,2499,1259,1154,264,1034,46,1741,62,23,119,11251
Jack Morris,0,43.9,32.7,38.3,18,1977,1994,5,254,186,0.577,3.9,105,549,527,10,175,28,0,3824,3567,1815,1657,389,1390,99,2478,58,27,206,16120
Bob Welch,0,43.8,30.2,37,17,1978,1994,2,211,146,0.591,3.47,106,506,462,20,61,28,8,3092,2894,1310,1191,267,1034,60,1969,79,45,55,12956
Charlie Hough,0,38.5,28.5,33.5,25,1970,1994,1,216,216,0.5,3.75,106,858,440,240,107,13,61,3801.1,3283,1807,1582,383,1665,44,2362,174,42,179,16170
Rick Sutcliffe,0,34,31.1,32.5,18,1976,1994,3,171,139,0.552,4.08,97,457,392,30,72,18,6,2697.2,2662,1324,1223,236,1081,75,1679,46,38,100,11548
Bruce Hurst,0,34.3,30.3,32.3,15,1980,1994,1,145,113,0.562,3.92,104,379,359,5,83,23,0,2417.1,2463,1143,1052,258,740,42,1689,28,19,56,10204
Bill Gullickson,0,23.5,17.7,20.6,14,1979,1994,0,162,136,0.544,3.93,98,398,390,3,54,11,0,2560,2659,1228,1118,282,622,82,1279,34,8,56,10744
Nolan Ryan,1,81.8,43.3,62.5,27,1966,1993,8,324,292,0.526,3.19,112,807,773,13,222,61,3,5386,3923,2178,1911,321,2795,78,5714,158,33,277,22575
Frank Tanana,0,57.6,38.3,48,21,1973,1993,3,240,236,0.504,3.66,106,638,616,10,143,34,1,4188.1,4063,1910,1704,448,1255,116,2773,129,27,119,17641
John Candelaria,0,42.1,30.9,36.5,19,1975,1993,1,177,122,0.592,3.33,114,600,356,82,54,13,29,2525.2,2399,1038,935,245,592,63,1673,37,26,28,10366
Charlie Leibrandt,0,33.5,30.2,31.9,14,1979,1993,0,140,119,0.541,3.71,108,394,346,17,52,18,2,2308,2390,1068,952,172,656,44,1121,37,31,63,9774
Mike Boddicker,0,31.4,28.4,29.9,14,1980,1993,1,134,116,0.536,3.8,108,342,309,15,63,16,3,2123.2,2082,992,897,188,721,39,1330,87,8,60,8999
Mike Witt,0,21.8,21.5,21.7,12,1981,1993,2,117,116,0.502,3.83,105,341,299,22,72,11,6,2108.1,2066,1012,898,183,713,40,1373,55,5,73,8927
Bert Blyleven,1,95,50.6,72.8,22,1970,1992,2,287,250,0.534,3.31,118,692,685,3,242,60,0,4970,4632,2029,1830,430,1322,71,3701,155,19,114,20491
Mike Flanagan,0,26,18.9,22.5,18,1975,1992,1,167,143,0.539,3.9,100,526,404,49,101,19,4,2770,2806,1301,1199,251,890,41,1491,41,12,84,11684
Rick Reuschel,0,69.7,43.8,56.7,19,1972,1991,3,214,191,0.528,3.37,114,557,529,16,102,26,5,3548.1,3588,1494,1330,221,935,117,2015,88,10,89,14888
Mike Scott,0,22.9,26.3,24.6,13,1979,1991,3,124,108,0.534,3.54,100,347,319,13,45,22,3,2068.2,1858,908,813,173,627,53,1469,33,19,39,8571
John Tudor,0,34.3,30.4,32.4,12,1979,1990,0,117,72,0.619,3.12,124,281,263,5,50,16,1,1797,1677,700,623,156,475,32,988,29,10,18,7368
Jerry Reuss,0,35.3,29.4,32.4,22,1969,1990,2,220,191,0.535,3.64,100,628,547,41,127,39,11,3669.2,3734,1700,1483,245,1127,118,1907,59,23,107,15582
Bob Knepper,0,22,22.4,22.2,15,1976,1990,2,146,155,0.485,3.68,95,445,413,10,78,30,1,2708,2737,1258,1106,228,857,78,1473,47,13,60,11488
Tommy John,0,62,34.7,48.4,26,1963,1989,4,288,231,0.555,3.34,111,760,700,22,162,46,3,4710.1,4783,2017,1749,302,1259,102,2245,98,16,187,19692
Rick Rhoden,0,35.4,30.1,32.8,16,1974,1989,2,151,125,0.547,3.59,104,413,380,14,69,17,1,2593.2,2606,1143,1036,198,801,62,1419,39,31,80,10900
Doyle Alexander,0,35,29.6,32.3,19,1971,1989,1,194,174,0.527,3.76,103,561,464,56,98,18,3,3367.2,3376,1541,1406,324,978,60,1528,53,10,74,14162
Bob Forsch,0,24.7,22.2,23.4,16,1974,1989,0,168,136,0.553,3.76,98,498,422,19,67,19,3,2794.2,2777,1319,1169,216,832,84,1133,45,18,93,11715
Mike Krukow,0,24.2,19.9,22.1,14,1976,1989,1,124,117,0.515,3.9,96,369,355,4,41,10,1,2190.2,2188,1069,949,196,767,84,1478,47,22,71,9393
Steve Carlton,1,90.5,54.4,72.4,24,1965,1988,10,329,244,0.574,3.22,115,741,709,13,254,55,2,5217.2,4672,2130,1864,414,1833,150,4136,53,90,183,21683
Don Sutton,1,67,34,50.5,23,1966,1988,4,324,256,0.559,3.26,108,774,756,12,178,58,5,5282.1,4692,2104,1914,472,1343,102,3574,82,21,112,21631
Ron Guidry,0,48.1,38.2,43.2,14,1975,1988,4,170,91,0.651,3.29,119,368,323,23,95,26,4,2392,2198,953,874,226,633,24,1778,13,8,56,9794
Mario Soto,0,25.7,26.9,26.3,12,1977,1988,3,100,92,0.521,3.47,108,297,224,20,72,13,4,1730.1,1395,732,667,172,657,50,1449,28,20,37,7147
Joe Niekro,0,29.8,21.7,25.8,22,1967,1988,1,221,204,0.52,3.59,98,702,500,93,107,29,16,3584.1,3466,1620,1431,276,1262,71,1747,65,8,172,15166
Scott McGregor,0,20.2,20.5,20.4,13,1976,1988,1,138,108,0.561,3.99,98,356,309,24,83,23,5,2140.2,2245,1031,949,235,518,26,904,26,12,28,8982
Phil Niekro,1,96.2,54.4,75.3,24,1964,1987,5,318,274,0.537,3.35,115,864,716,83,245,45,29,5404,5044,2337,2012,482,1809,86,3342,123,42,226,22677
Tom Seaver,1,110.1,59.4,84.8,20,1967,1986,12,311,205,0.603,2.86,127,656,647,6,231,61,1,4783,3971,1674,1521,380,1390,116,3640,76,8,126,19369
Vida Blue,0,45.4,38.5,41.9,17,1969,1986,6,209,161,0.565,3.27,108,502,473,11,143,37,2,3343.1,2939,1357,1213,263,1185,61,2175,23,13,103,13837
John Denny,0,32.3,29.7,31,13,1974,1986,0,123,108,0.532,3.59,105,325,322,0,62,18,0,2148.2,2093,967,856,137,778,49,1146,54,12,68,9077
Dennis Leonard,0,26,24.2,25.1,12,1974,1986,0,144,106,0.576,3.7,107,312,302,3,103,23,1,2187,2137,1008,898,202,622,39,1323,52,6,73,9149
Ken Forsch,0,26.1,21.1,23.6,16,1970,1986,2,114,113,0.502,3.37,106,521,241,177,70,18,51,2127.1,2071,881,796,155,586,68,1047,47,7,43,8852
Jerry Koosman,0,53.9,36.6,45.2,19,1967,1985,2,222,209,0.515,3.36,110,612,527,43,140,33,17,3839.1,3635,1608,1433,290,1198,121,2556,71,29,89,15996
Steve Rogers,0,44.9,36.9,40.9,13,1973,1985,5,158,152,0.51,3.17,116,399,393,3,129,37,2,2837.2,2619,1122,1001,151,876,75,1621,43,8,87,11702
Burt Hooton,0,35.7,29.9,32.8,15,1971,1985,1,151,136,0.526,3.38,108,480,377,35,86,29,7,2652,2497,1112,996,193,799,58,1491,20,4,62,11025
Larry Gura,0,21.4,20.8,21.1,16,1970,1985,1,126,97,0.565,3.76,106,403,261,60,71,16,14,2047,2020,958,855,204,600,38,801,46,3,27,8596
Geoff Zahn,0,20.5,20.9,20.7,13,1973,1985,0,111,109,0.505,3.74,107,304,270,13,79,20,1,1849,1978,889,769,149,526,28,705,19,4,32,7798
Jim Palmer,1,68.9,47.7,58.3,19,1965,1984,6,268,152,0.638,2.86,125,558,521,15,211,53,4,3948,3349,1395,1253,303,1311,37,2212,38,11,85,16114
Mike Torrez,0,23.2,20.9,22,18,1967,1984,0,185,160,0.536,3.96,98,494,458,13,117,15,0,3043.2,3043,1501,1340,223,1371,84,1404,59,11,103,13179
Paul Splittorff,0,23.3,19,21.1,15,1970,1984,0,166,143,0.537,3.81,101,429,392,13,88,17,1,2554.2,2644,1243,1082,192,780,41,1057,34,5,41,10829
Gaylord Perry,1,90.4,52.5,71.5,22,1962,1983,5,314,265,0.542,3.11,117,777,690,33,303,53,10,5350,4938,2128,1846,399,1379,164,3534,108,6,160,21953
Fergie Jenkins,1,84.4,51.4,67.9,19,1965,1983,3,284,226,0.557,3.34,115,664,594,37,267,49,7,4500.2,4142,1853,1669,484,997,116,3192,84,18,62,18400
Jim Kaat,0,50.7,38.3,44.5,25,1959,1983,3,283,237,0.544,3.45,108,898,625,102,180,31,17,4530.1,4620,2038,1738,395,1083,116,2461,122,6,128,19023
Jon Matlack,0,39.5,36.9,38.2,13,1971,1983,3,125,126,0.498,3.18,114,361,318,23,97,30,3,2363,2276,970,835,161,638,69,1516,26,9,68,9789
Jim Barr,0,30.6,29,29.8,12,1971,1983,0,101,112,0.474,3.56,105,454,252,75,64,20,12,2065.1,2170,908,816,161,469,74,741,30,14,22,8612
Dave Goltz,0,22.9,25.4,24.2,12,1972,1983,0,113,109,0.509,3.69,105,353,264,39,83,13,8,2039.2,2104,950,836,149,646,28,1105,26,10,62,8628
Luis Tiant,0,66.5,44.4,55.5,19,1964,1982,3,229,172,0.571,3.3,114,573,484,51,187,49,15,3486.1,3075,1400,1280,346,1104,53,2416,49,4,27,14365
Rick Wise,0,36.6,28.3,32.5,18,1964,1982,2,188,181,0.509,3.69,101,506,455,15,138,30,0,3127.1,3227,1455,1281,261,804,83,1647,44,9,49,13157
Stan Bahnsen,0,22.9,22.4,22.6,16,1966,1982,0,146,149,0.495,3.6,97,574,327,90,73,16,20,2529,2440,1127,1013,223,924,59,1359,34,3,89,10701
Bill Lee,0,21.9,21.3,21.6,14,1969,1982,1,119,90,0.569,3.62,108,416,225,70,72,10,19,1944.1,2122,885,783,176,531,27,713,27,1,24,8271
J.R. Richard,0,22.3,22.5,22.4,10,1971,1980,1,107,71,0.601,3.15,108,238,221,3,76,19,0,1606,1227,625,562,73,770,15,1493,17,14,92,6674
Mickey Lolich,0,48.3,38,43.1,16,1963,1979,3,217,191,0.532,3.44,104,586,496,40,195,41,10,3638.1,3366,1537,1390,347,1099,67,2832,92,8,124,15140
Catfish Hunter,1,41.2,35.1,38.1,15,1965,1979,8,224,166,0.574,3.26,104,500,476,6,181,42,1,3449.1,2958,1380,1248,374,954,57,2012,49,7,49,14032
Andy Messersmith,0,40.2,34.3,37.3,12,1968,1979,4,130,99,0.568,2.86,121,344,295,30,98,27,14,2230.1,1719,812,709,174,831,44,1625,40,7,70,9120
Ken Holtzman,0,27.6,24.5,26,15,1965,1979,2,174,150,0.537,3.49,105,451,410,18,127,31,3,2867.1,2787,1273,1111,249,910,70,1601,49,2,98,12069
Wilbur Wood,0,50.3,46,48.1,17,1961,1978,3,164,156,0.513,3.24,114,651,297,198,114,24,57,2684,2582,1130,965,209,724,71,1411,63,6,72,11154
Larry Dierker,0,32,28.4,30.2,14,1964,1977,2,139,123,0.531,3.31,103,356,329,10,106,25,1,2333.2,2130,948,857,184,711,43,1493,50,10,104,9661
Mike Cuellar,0,27.1,25.6,26.3,15,1959,1977,4,185,130,0.587,3.14,109,453,379,33,172,36,11,2808,2538,1130,979,222,822,61,1632,12,6,53,11505
Gary Nolan,0,26,25.1,25.6,10,1967,1977,1,110,70,0.611,3.08,117,250,247,1,45,14,0,1674.2,1505,623,573,146,413,46,1039,14,10,26,6836
Al Downing,0,21,19.7,20.4,17,1961,1977,1,123,107,0.535,3.22,106,405,317,37,73,24,3,2268.1,1946,938,811,177,933,32,1639,31,11,77,9539
Bill Singer,0,18.9,21.8,20.3,14,1964,1977,2,118,127,0.482,3.39,99,322,308,7,94,24,2,2174,1952,944,819,132,781,50,1515,63,11,67,9143
Bob Gibson,1,89.4,61.3,75.4,17,1959,1975,9,251,174,0.591,2.91,127,528,482,21,255,56,6,3884.1,3279,1420,1258,257,1336,118,3117,102,13,108,16068
Juan Marichal,1,63,51.9,57.5,16,1960,1975,10,243,142,0.631,2.89,123,471,457,11,244,52,2,3507,3153,1329,1126,320,709,82,2303,40,20,51,14236
Sam McDowell,0,41.9,41.3,41.6,15,1961,1975,6,141,134,0.513,3.17,112,425,346,39,103,23,14,2492.1,1948,999,879,164,1312,74,2453,59,7,140,10587
Claude Osteen,0,41.4,31.4,36.4,18,1957,1975,3,196,195,0.501,3.3,104,541,488,24,140,40,1,3460.2,3471,1435,1268,249,940,93,1612,45,6,67,14433
Jim Perry,0,41.8,30.4,36.1,17,1959,1975,3,215,174,0.553,3.45,106,630,447,64,109,32,10,3285.2,3127,1407,1258,308,998,93,1576,80,3,55,13732
Sonny Siebert,0,32.2,30.4,31.3,12,1964,1975,2,140,114,0.551,3.21,110,399,307,42,67,21,16,2152,1919,907,767,197,692,55,1512,54,8,60,8951
Bill Hands,0,27.4,26.3,26.8,11,1965,1975,0,111,110,0.502,3.35,114,374,260,69,72,17,14,1951,1895,834,727,167,492,55,1128,36,5,46,8116
Dave McNally,0,25.7,23.2,24.4,14,1962,1975,3,184,119,0.607,3.24,106,424,396,7,120,33,2,2730,2488,1070,982,230,826,56,1512,72,11,59,11229
Mel Stottlemyre,0,43.2,34.7,39,11,1964,1974,5,164,139,0.541,2.97,112,360,356,3,152,40,1,2661.1,2435,1003,878,171,809,75,1257,44,1,57,10972
Bob Veale,0,22,22.9,22.5,13,1962,1974,2,120,95,0.558,3.07,113,397,255,63,78,20,21,1926,1684,755,658,91,858,62,1703,29,9,92,8163
Juan Pizarro,0,19.6,21,20.3,18,1957,1974,2,131,105,0.555,3.43,104,488,245,119,79,17,28,2034.1,1807,890,776,201,888,67,1522,41,2,65,8690
Milt Pappas,0,44,28.7,36.3,17,1957,1973,3,209,164,0.56,3.4,110,520,465,33,129,43,4,3186,3046,1331,1203,298,858,89,1728,72,6,97,13198
Chris Short,0,28.6,28.5,28.6,15,1959,1973,2,135,132,0.506,3.43,104,501,308,78,88,24,18,2325,2215,991,886,183,806,74,1629,61,6,73,9801
Denny McLain,0,19.5,22.3,20.9,10,1963,1972,3,131,91,0.59,3.39,101,280,264,8,105,29,2,1886,1646,778,711,242,548,24,1282,26,9,27,7719
Jim Bunning,0,59.6,49,54.3,17,1955,1971,9,224,184,0.549,3.27,115,591,519,39,151,40,16,3760.1,3433,1527,1366,372,1000,98,2855,160,8,47,15618
Camilo Pascual,0,40.9,38.3,39.6,18,1954,1971,7,174,170,0.506,3.63,103,529,404,67,132,36,10,2930.2,2703,1334,1183,256,1069,51,2167,61,12,86,12415
Jim Maloney,0,37.6,37,37.3,12,1960,1971,1,134,84,0.615,3.19,115,302,262,18,74,30,4,1849,1518,729,655,138,810,39,1605,36,2,124,7745
Pedro Ramos,0,21.9,19.8,20.9,15,1955,1970,1,117,160,0.422,4.08,95,582,268,182,73,13,54,2355.2,2364,1210,1068,316,724,76,1305,68,7,32,10048
Don Drysdale,1,67.2,44.8,56,14,1956,1969,9,209,166,0.557,2.95,121,518,465,34,167,49,6,3432,3084,1292,1124,280,855,123,2486,154,10,82,14097
Johnny Podres,0,30,26.1,28,15,1953,1969,4,148,116,0.561,3.68,105,440,340,46,77,24,10,2265,2239,1026,925,242,743,70,1435,28,8,66,9571
Whitey Ford,1,56.9,34.6,45.8,16,1950,1967,10,236,106,0.69,2.75,133,498,438,35,156,45,11,3170.1,2766,1107,967,228,1086,44,1956,28,5,75,13036
Curt Simmons,0,43.2,30.1,36.7,20,1947,1967,3,193,183,0.513,3.54,111,569,462,54,163,36,5,3348.1,3313,1551,1318,255,1063,62,1697,53,4,39,14144
Vern Law,0,32.4,28.2,30.3,16,1950,1967,2,162,147,0.524,3.77,101,483,364,78,119,28,13,2672,2833,1274,1118,268,597,74,1092,40,3,39,11231
Lew Burdette,0,28.8,24,26.4,18,1950,1967,3,203,144,0.585,3.66,99,626,373,128,158,33,32,3067.1,3186,1400,1246,289,628,63,1074,56,7,23,12745
Robin Roberts,1,86,54.9,70.5,19,1948,1966,7,286,245,0.539,3.41,113,676,609,49,305,45,25,4688.2,4582,1962,1774,505,902,69,2357,54,3,33,19174
Sandy Koufax,1,49,46.1,47.5,12,1955,1966,7,165,87,0.655,2.76,131,397,314,44,137,40,9,2324.1,1754,806,713,204,817,48,2396,18,7,87,9497
Warren Spahn,1,99.9,51.4,75.6,21,1942,1965,17,363,245,0.597,3.09,119,750,665,67,382,63,28,5243.2,4830,2016,1798,434,1434,60,2583,42,5,81,21547
Harvey Haddix,0,33.2,26.7,29.9,14,1952,1965,3,136,113,0.546,3.63,108,453,286,84,99,20,20,2235,2154,1012,901,240,601,77,1575,43,3,58,9330
Billy Pierce,0,53.2,37.6,45.4,18,1945,1964,7,211,169,0.555,3.27,119,585,433,85,193,38,33,3306.2,2989,1325,1201,284,1178,35,1999,30,10,48,13853
Early Wynn,1,61.1,38.6,49.8,23,1939,1963,9,300,244,0.551,3.54,107,691,611,67,289,49,16,4564,4291,2037,1796,338,1775,36,2334,64,2,51,19408
Ned Garver,0,43,35.2,39.1,14,1948,1961,1,129,157,0.451,3.73,112,402,330,40,153,18,12,2477.1,2471,1184,1027,213,881,25,881,41,7,49,10584
Don Newcombe,0,38,35.1,36.5,10,1949,1960,4,149,90,0.623,3.56,114,344,294,34,136,24,7,2154.2,2102,956,852,252,490,21,1129,30,3,22,8891
Bob Lemon,1,48.2,38.8,43.5,15,1941,1958,7,207,128,0.618,3.23,119,460,350,73,188,31,22,2850,2559,1185,1024,180,1251,13,1277,57,2,63,12099
Sal Maglie,0,30.9,27.7,29.3,10,1945,1958,2,119,62,0.657,3.15,127,303,232,35,93,25,14,1723,1591,684,603,169,562,8,862,44,7,18,7182
Hal Newhouser,0,63.3,52.8,58,17,1939,1955,7,207,150,0.58,3.06,130,488,374,79,212,33,26,2993,2674,1197,1016,136,1249,1,1796,19,7,65,12648
Johnny Sain,0,29.2,30.9,30.1,11,1942,1955,3,139,116,0.545,3.49,107,412,245,125,140,16,53,2125.2,2145,947,824,179,619,4,910,30,6,20,8998
Eddie Lopat,0,32.2,27.2,29.7,12,1944,1955,1,166,112,0.597,3.21,116,340,318,14,164,27,3,2439.1,2464,1008,869,179,650,5,859,43,6,16,10197
Ewell Blackwell,0,26.2,26.5,26.3,10,1942,1955,6,82,78,0.513,3.3,120,236,169,49,69,15,11,1321,1150,562,484,67,562,0,839,44,2,28,5576
Preacher Roe,0,30.1,30.7,30.4,12,1938,1954,5,127,84,0.602,3.43,116,333,261,42,101,17,10,1914.1,1907,799,730,199,504,0,956,17,1,15,7904
Allie Reynolds,0,25.5,20.9,23.2,13,1942,1954,6,182,107,0.63,3.3,109,434,309,97,137,36,48,2492.1,2193,1026,915,133,1261,0,1423,57,6,59,10660
Bobo Newsom,0,47.9,36.7,42.3,20,1929,1953,4,211,222,0.487,3.98,107,600,483,71,246,31,21,3759.1,3769,1908,1664,206,1732,0,2082,61,7,60,16467
Dutch Leonard,0,48.8,32.7,40.7,20,1933,1953,5,191,181,0.513,3.25,119,640,375,171,192,30,45,3218.1,3304,1432,1162,158,737,0,1170,56,6,97,13487
Harry Brecheen,0,42.5,32.8,37.7,12,1940,1953,2,133,92,0.591,2.92,133,318,240,53,125,25,18,1907.2,1731,701,618,116,536,0,901,37,5,18,7821
Johnny Vander Meer,0,25.3,24.7,25,13,1937,1951,4,119,121,0.496,3.44,107,346,286,28,131,29,2,2104.2,1799,915,805,100,1132,0,1294,21,3,37,9034
Bucky Walters,0,53.3,42.8,48.1,19,1931,1950,6,198,160,0.553,3.3,116,428,398,18,242,42,4,3104.2,2990,1343,1139,155,1121,0,1107,51,6,63,13140
Schoolboy Rowe,0,43,36,39.5,15,1933,1949,3,158,101,0.61,3.87,110,382,278,74,137,22,12,2219.1,2332,1075,955,131,558,0,913,27,5,22,9398
Mort Cooper,0,32.8,31.7,32.2,11,1938,1949,4,128,75,0.631,2.97,124,295,239,39,128,33,15,1840.2,1666,703,607,84,571,0,913,28,7,28,7648
Red Ruffing,1,68.7,40.3,54.5,22,1924,1947,6,273,225,0.548,3.8,109,624,538,69,335,45,18,4344,4284,2115,1833,254,1541,0,1987,58,7,46,18546
Mel Harder,0,44.5,38,41.2,20,1928,1947,4,223,186,0.545,3.8,113,582,433,94,181,25,24,3426.1,3706,1714,1447,161,1118,0,1161,59,2,33,14861
Tommy Bridges,0,50.9,35,43,16,1930,1946,6,194,138,0.584,3.57,126,424,362,47,200,33,10,2826.1,2675,1321,1122,181,1192,0,1674,35,8,59,12165
Will White,0,34.5,35,34.8,10,1877,1886,0,229,166,0.58,2.28,121,403,402,1,394,36,0,3542.2,3440,1844,896,65,496,,1041,68,0,221,14951
Mike Caldwell,0,19.2,20.8,20,14,1971,1984,0,137,130,0.513,3.81,99,475,307,77,98,23,18,2408.2,2581,1182,1020,218,597,62,939,35,9,65,10156
Ray Culp,0,15.1,19.3,17.2,11,1963,1973,2,122,101,0.547,3.58,100,322,268,21,80,22,1,1898.1,1677,863,755,188,752,58,1411,70,3,73,8066
Ray Sadecki,0,19,18,18.5,18,1960,1977,0,135,131,0.508,3.78,98,563,328,75,85,20,7,2500.1,2456,1206,1051,240,922,82,1614,41,6,94,10694
Pete Vuckovich,0,16.7,17.5,17.1,11,1975,1986,0,93,69,0.574,3.66,104,286,186,67,38,8,10,1455.1,1454,665,592,107,545,29,882,35,10,46,6189
Jim Colborn,0,16.4,17,16.7,10,1969,1978,1,83,88,0.485,3.8,98,301,204,32,60,8,7,1597.1,1619,750,675,153,475,41,688,41,9,36,6744
Lynn McGlothen,0,14.1,16.3,15.2,11,1972,1982,1,86,93,0.48,3.98,94,318,201,37,41,13,2,1497.2,1553,735,663,127,572,63,939,25,3,27,6468
Steve Blass,0,6.9,12.5,9.2,10,1964,1974,1,103,76,0.575,3.63,95,282,231,14,57,16,2,1597.1,1558,739,644,128,597,49,896,38,4,56,6780
Ross Grimsley,0,6.6,11.6,9.1,11,1971,1982,1,124,99,0.556,3.81,92,345,295,17,79,15,3,2039.1,2105,947,863,202,559,49,750,15,9,40,8544
Tom Browning,0,19.6,18.3,19,12,1984,1995,1,123,90,0.577,3.94,97,302,300,1,31,12,0,1921,1931,913,841,236,511,61,1000,32,13,25,8066
Kirk Rueter,0,16,14.1,15.1,13,1993,2005,0,130,92,0.586,4.27,97,340,336,1,4,1,0,1918,2092,1004,911,220,582,41,818,25,0,24,8210
Bob Porterfield,0,17.1,18.4,17.8,12,1948,1959,1,87,97,0.473,3.79,103,318,193,45,92,23,8,1567.2,1571,732,660,113,552,20,572,14,3,21,6646
Bruce Kison,0,14.3,12.6,13.5,15,1971,1985,0,115,88,0.567,3.66,102,380,246,54,36,8,12,1809.2,1693,839,736,150,662,58,1073,68,11,58,7676
Ron Darling,0,19,17,18,13,1983,1995,1,136,116,0.54,3.87,95,382,364,5,37,13,0,2360.1,2244,1139,1016,239,906,40,1590,59,24,97,10032
Vic Raschi,0,16.3,16.4,16.4,10,1946,1955,4,132,66,0.667,3.72,105,269,255,5,106,26,3,1819,1666,828,752,138,727,5,944,26,8,44,7675
Doc Medich,0,20.1,18.4,19.3,11,1972,1982,0,124,105,0.541,3.78,99,312,287,8,71,16,2,1996.2,2036,925,838,151,624,48,955,35,6,49,8471
Pat Dobson,0,18.3,18.3,18.3,11,1967,1977,1,122,129,0.486,3.54,100,414,279,51,74,14,19,2120.1,2043,939,833,197,665,76,1301,26,5,51,8872
Mudcat Grant,0,19.4,17.2,18.3,14,1958,1971,2,145,119,0.549,3.63,100,571,293,160,89,18,54,2442,2292,1105,985,292,849,59,1267,33,3,60,10293
Jim Lonborg,0,14.8,17.9,15.4,15,1965,1979,1,157,137,0.534,3.86,95,425,368,24,90,15,4,2464.1,2400,1170,1056,233,823,71,1475,105,9,73,10498
Randy Jones,0,18.9,20.6,19.8,10,1973,1982,2,100,123,0.448,3.42,101,305,285,11,73,19,2,1933,1915,875,735,129,503,88,735,18,6,19,8069
Nelson Briles,0,20.5,17.1,18.8,14,1965,1978,0,129,112,0.535,3.44,103,452,279,74,64,17,22,2111.2,2141,929,807,186,547,79,1163,51,5,50,8858
Jim Bibby,0,18.6,19.9,19.3,12,1972,1984,1,111,101,0.524,3.76,99,340,239,39,56,19,8,1722.2,1565,800,719,131,723,38,1079,40,13,70,7310
Rudy May,0,20.8,17.8,19.3,16,1965,1983,0,152,156,0.494,3.46,102,535,360,73,87,24,12,2622,2314,1150,1007,199,958,56,1760,42,18,67,10902
Bobby Witt,0,14.8,15.9,15.4,16,1986,2001,0,142,157,0.475,4.83,91,430,397,13,47,11,0,2465,2493,1449,1324,252,1375,37,1955,39,26,128,11003
Aaron Sele,0,20.1,19.1,19.6,15,1993,2007,2,148,112,0.569,4.61,100,404,352,15,15,9,0,2153,2413,1208,1102,225,798,39,1407,112,2,54,9534
Steve Stone,0,18.7,17.4,18.1,11,1971,1981,1,107,93,0.535,3.97,98,320,269,15,43,7,1,1788.1,1707,880,788,184,716,22,1065,40,5,31,7640
Jack Billingham,0,10.1,13.8,12,13,1968,1980,1,145,113,0.562,3.83,94,476,305,83,74,27,15,2231.1,2272,1069,949,176,750,97,1141,98,4,84,9487
Jim Deshaies,0,13.7,16.5,15.1,12,1984,1995,0,84,95,0.469,4.14,91,257,253,1,15,6,0,1525,1434,743,702,179,575,39,951,27,35,19,6432
Lew Krausse,0,2,6.2,4.1,12,1961,1974,0,68,91,0.428,4,85,321,167,71,21,5,21,1283.2,1205,635,571,137,493,62,721,35,1,29,5490
Dock Ellis,0,15.1,14.8,15,12,1968,1979,1,138,119,0.537,3.46,104,345,317,10,71,14,1,2128,2067,958,817,140,674,66,1136,44,9,45,8978
Jim Hearn,0,17.4,16.5,17,13,1947,1959,1,109,89,0.551,3.81,105,396,229,73,63,10,8,1703.2,1661,847,721,158,655,22,669,25,1,34,7294
Steve Barber,0,18,18.4,18.2,15,1960,1974,2,121,106,0.533,3.36,105,466,272,90,59,21,14,1999,1818,870,747,125,950,59,1309,42,6,91,8591
Woodie Fryman,0,18.3,18.4,18.4,18,1966,1983,2,141,155,0.476,3.77,96,625,322,160,68,27,58,2411.1,2367,1136,1010,187,890,79,1587,68,16,68,10291
Carl Erskine,0,16.6,16.4,16.5,12,1948,1959,1,122,78,0.61,4,101,335,216,61,71,14,13,1718.2,1637,830,763,199,646,13,981,16,1,38,7270
Pat Zachry,0,11.9,11.6,11.8,10,1976,1985,1,69,67,0.507,3.52,102,293,154,44,29,7,3,1177.1,1147,529,461,88,495,46,669,21,10,19,5050
Shane Reynolds,0,18,18.7,18.4,13,1992,2004,1,114,96,0.543,4.09,103,305,278,5,20,7,0,1791.2,1935,895,814,191,419,33,1403,41,8,38,7610